-- phpMyAdmin SQL Dump
-- version 5.2.1
-- https://www.phpmyadmin.net/
--
-- Host: 127.0.0.1:3306
-- Generation Time: May 02, 2025 at 03:39 AM
-- Server version: 10.11.10-MariaDB
-- PHP Version: 7.2.34

SET SQL_MODE = "NO_AUTO_VALUE_ON_ZERO";
START TRANSACTION;
SET time_zone = "+00:00";


/*!40101 SET @OLD_CHARACTER_SET_CLIENT=@@CHARACTER_SET_CLIENT */;
/*!40101 SET @OLD_CHARACTER_SET_RESULTS=@@CHARACTER_SET_RESULTS */;
/*!40101 SET @OLD_COLLATION_CONNECTION=@@COLLATION_CONNECTION */;
/*!40101 SET NAMES utf8mb4 */;

--
-- Database: `u232810153_gbook`
--

-- --------------------------------------------------------

--
-- Table structure for table `event`
--

CREATE TABLE `event` (
  `id` int(30) UNSIGNED NOT NULL,
  `nama` varchar(100) NOT NULL,
  `tgl` date NOT NULL,
  `poto` varchar(200) NOT NULL,
  `admin_id` int(30) NOT NULL,
  `template` varchar(500) DEFAULT NULL,
  `urll` varchar(500) DEFAULT NULL,
  `welcome` varchar(50) NOT NULL DEFAULT 'Welcome',
  `warna` varchar(200) DEFAULT '#cdff00',
  `warna_bg` varchar(330) DEFAULT '#0d0d0d',
  `wa` text DEFAULT NULL,
  `sesi` int(2) NOT NULL DEFAULT 1,
  `sesi_active` int(30) NOT NULL DEFAULT 0
) ENGINE=InnoDB DEFAULT CHARSET=utf8mb3 COLLATE=utf8mb3_general_ci;

--
-- Dumping data for table `event`
--

INSERT INTO `event` (`id`, `nama`, `tgl`, `poto`, `admin_id`, `template`, `urll`, `welcome`, `warna`, `warna_bg`, `wa`, `sesi`, `sesi_active`) VALUES
(1, 'Rama &amp; Sinta', '2022-03-16', '2be5014b3b0638602b4130183f943ccd.jpg', 1, 'Putra &amp; Putri', 'https://jadinikah.net/exc-wed-16/', 'Selamat Datang', '#ffffff', '849634551d90867e451245ef6f54200e.jpg', 'Bissmillahirrahmanirrahim \r\nAssalamualaikum Warahmatullahi Wabarakatuh.\r\n\r\nKepada Yth:\r\n*[NAMA-TAMU]*\r\n\r\n\r\n\r\nDengan memohon rahmat dan ridho ﷲ \r\nkami bermaksud mengundang Bapak/Ibu/Saudara/i untuk hadir dalam acara pernikahan kami :\r\n\r\n\r\n*Nama Mempelai 1*\r\n & \r\n*Nama Mempelai 2*\r\n\r\n\r\nUntuk Info Detail Acara, Lokasi, dan Waktu Lebih Lengkap bisa akses link undangan online berikut : \r\n\r\n\r\n[LINK-UNDANGAN]\r\n\r\n\r\n\r\nMerupakan Suatu Kehormatan dan kebahagiaan bagi kami apabila Bapak/Ibu/Rekan-rekan berkenan hadir dan memberikan doa restu di acara pernikahan kami.  \r\n\r\nKarena keterbatasan jarak dan waktu tidak dapat mengirimkan undangan ini secara langsung, maka melalui e-invitation ini dapat menjadi pengganti undangan resmi sehingga tujuan kami tersampaikan.\r\n\r\n\r\n\r\nHormat Kami yang berbahagia\r\n*Mempelai 1 & Mempelai 2*\r\n\r\nWassallamualaikum Warahmatullahi Wabarakatuh.', 1, 0),
(6, 'PUTRA &amp; PUTRI', '2023-07-23', '57774e38daab64473a23acb897e8398b.jpg', 4, 'Demo Undangan', 'https://tibra-invitation.id/qrcode-demo/', 'Selamat Datang', '#b96b41', '4c881f560131452fa7eb27efba018dc6.jpg', 'QR code Undangan kami dapat diunduh pada link di bawah dan mohon menunjukkan QR code tersebut untuk mengurangi antrian pada saat hadir pada acara pernikahan : \r\n\r\nNama Mempelai 1\r\n & \r\nNama Mempelai 2\r\n\r\n\r\nLink QR code Anda : \r\n\r\n\r\n[LINK-UNDANGAN]\r\n\r\n\r\nDemikian terima kasih, kami mohon maaf bilamana ada kesalahan cetak pada Nama/Titel/jabatan Bapak/Ibu/Saudara/i di Undangan kami tersebut.', 1, 0);

-- --------------------------------------------------------

--
-- Table structure for table `event_sesi`
--

CREATE TABLE `event_sesi` (
  `id` int(30) UNSIGNED NOT NULL,
  `event_id` int(30) NOT NULL,
  `sesi` int(2) NOT NULL,
  `jam` varchar(30) NOT NULL DEFAULT '00:00 - 00:00'
) ENGINE=InnoDB DEFAULT CHARSET=utf8mb3 COLLATE=utf8mb3_general_ci;

--
-- Dumping data for table `event_sesi`
--

INSERT INTO `event_sesi` (`id`, `event_id`, `sesi`, `jam`) VALUES
(7, 2, 1, '11:00 - 13:00'),
(8, 2, 2, '13:00 - 15:00'),
(25, 5, 1, '00:00 - 00:00'),
(26, 5, 2, '00:00 - 00:00'),
(57, 14, 1, '00:00 - 00:00'),
(58, 14, 2, '00:00 - 00:00'),
(64, 19, 1, '00:00 - 00:00'),
(65, 19, 2, '00:00 - 00:00'),
(66, 19, 3, '00:00 - 00:00'),
(67, 19, 4, '00:00 - 00:00'),
(68, 19, 5, '00:00 - 00:00'),
(69, 19, 6, '00:00 - 00:00'),
(70, 19, 7, '00:00 - 00:00'),
(71, 19, 8, '00:00 - 00:00'),
(72, 19, 9, '00:00 - 00:00'),
(73, 19, 10, '00:00 - 00:00'),
(74, 19, 11, '00:00 - 00:00'),
(75, 19, 12, '00:00 - 00:00'),
(76, 19, 13, '00:00 - 00:00'),
(77, 19, 14, '00:00 - 00:00'),
(78, 19, 15, '00:00 - 00:00'),
(79, 19, 16, '00:00 - 00:00'),
(81, 22, 1, '00:00 - 00:00'),
(82, 22, 2, '00:00 - 00:00'),
(83, 22, 3, '00:00 - 00:00'),
(84, 28, 1, '00:00 - 00:00'),
(85, 28, 2, '00:00 - 00:00');

-- --------------------------------------------------------

--
-- Table structure for table `konek`
--

CREATE TABLE `konek` (
  `id` int(30) UNSIGNED NOT NULL,
  `event_id` int(30) NOT NULL,
  `kode` varchar(50) NOT NULL,
  `url` varchar(500) NOT NULL
) ENGINE=InnoDB DEFAULT CHARSET=utf8mb3 COLLATE=utf8mb3_general_ci;

--
-- Dumping data for table `konek`
--

INSERT INTO `konek` (`id`, `event_id`, `kode`, `url`) VALUES
(1, 1, '47350939', 'https://admin.daftartamu.id/');

-- --------------------------------------------------------

--
-- Table structure for table `serial`
--

CREATE TABLE `serial` (
  `id` int(30) UNSIGNED NOT NULL,
  `serial` varchar(50) NOT NULL,
  `email` varchar(100) NOT NULL,
  `active` int(1) NOT NULL,
  `status` int(1) NOT NULL
) ENGINE=InnoDB DEFAULT CHARSET=utf8mb3 COLLATE=utf8mb3_general_ci;

--
-- Dumping data for table `serial`
--

INSERT INTO `serial` (`id`, `serial`, `email`, `active`, `status`) VALUES
(2, 'c562220755', 'partner@daftartamu.id', 1, 1);

-- --------------------------------------------------------

--
-- Table structure for table `seting`
--

CREATE TABLE `seting` (
  `id` int(30) UNSIGNED NOT NULL,
  `bg_login` varchar(200) NOT NULL,
  `logo_login` varchar(200) NOT NULL,
  `url` varchar(500) NOT NULL
) ENGINE=InnoDB DEFAULT CHARSET=utf8mb3 COLLATE=utf8mb3_general_ci;

--
-- Dumping data for table `seting`
--

INSERT INTO `seting` (`id`, `bg_login`, `logo_login`, `url`) VALUES
(1, '4a7289ff314995e2b83759193fa0b478.jpg', '4cd15e9182353c98d9f01391a2e666c4.png', '3815ae7917a2a5529190891e88f5bee4.mp4');

-- --------------------------------------------------------

--
-- Table structure for table `tamu`
--

CREATE TABLE `tamu` (
  `id` int(30) UNSIGNED NOT NULL,
  `nama` varchar(100) NOT NULL,
  `alamat` varchar(100) NOT NULL,
  `telp` varchar(50) NOT NULL,
  `event_id` int(30) NOT NULL,
  `poto` varchar(200) NOT NULL,
  `hadir` int(60) NOT NULL DEFAULT 0,
  `pesan` text DEFAULT NULL,
  `kehadiran` int(11) NOT NULL DEFAULT 0,
  `status_pesan` int(11) NOT NULL DEFAULT 0,
  `qr` varchar(300) DEFAULT NULL,
  `sapa` varchar(300) NOT NULL DEFAULT '0',
  `timer` varchar(300) NOT NULL DEFAULT '0',
  `keterangan` varchar(300) DEFAULT NULL,
  `vip` varchar(5) DEFAULT NULL,
  `sesi` int(2) DEFAULT 0
) ENGINE=InnoDB DEFAULT CHARSET=utf8mb3 COLLATE=utf8mb3_general_ci;

--
-- Dumping data for table `tamu`
--

INSERT INTO `tamu` (`id`, `nama`, `alamat`, `telp`, `event_id`, `poto`, `hadir`, `pesan`, `kehadiran`, `status_pesan`, `qr`, `sapa`, `timer`, `keterangan`, `vip`, `sesi`) VALUES
(33, 'Muhammad Billy', 'Jakarta Pusat', '0', 1, 'tamu.jpg', 1650253403, NULL, 1, 0, '1650253375625cde3faf85416', '0', '1650253413', NULL, NULL, 0),
(34, 'Ucup Suganda', 'Sukabumi kota', '0', 1, 'tamu.jpg', 1650253388, NULL, 8, 0, '1650253375625cde3fafb9d17', '0', '1650253398', 'Management', 'vip', 0),
(35, 'Iwan Ernawan', 'Jakarta', '0', 1, 'tamu.jpg', 1650823939, NULL, 1, 0, '1650253375625cde3fafdad18', '0', '1650823949', 'Keluarga', NULL, 0),
(37, 'IMAM dan PASANGAN', 'RAWALUMBU, BEKASI', '0', 1, 'tamu.jpg', 1655889584, NULL, 1, 0, '16539847166295cdcc1f6fb', '0', '1661858998', NULL, NULL, 2),
(39, 'Bharata', 'Bandung', '0', 1, 'tamu.jpg', 1660321703, NULL, 1, 0, '166032170362f67fa7332d5', '0', '1660321713', NULL, NULL, 0),
(40, 'Helly Warman', 'Sidoarjo', '0', 1, 'tamu.jpg', 1660321763, NULL, 2, 0, '166032176362f67fe33ffa7', '0', '1660321773', NULL, NULL, 0),
(41, 'Muh Rizal', 'Cikeas', '0', 1, 'tamu.jpg', 1660321827, NULL, 2, 0, '166032182762f680238a49d', '0', '1660321837', NULL, NULL, 0),
(42, 'Ar Rizal Putra', 'Banjarnegara', '0', 1, 'tamu.jpg', 1660322003, NULL, 1, 0, '166032200362f680d31c997', '0', '1661859149', NULL, NULL, 0),
(47, 'IMAM F', 'BEKASI', '0', 1, 'tamu.jpg', 1661510375, NULL, 1, 0, '16615103186308a2ae1906c', '0', '1661510385', NULL, 'vip', 1),
(48, 'Ririn Ariana', 'Kupang', '0', 1, 'tamu.jpg', 1661513816, NULL, 1, 0, '16615137416308b00d7c833', '0', '1661513884', 'Saudara', NULL, 0),
(49, 'Sudiro Jaya', 'Bandung', '0', 1, 'tamu.jpg', 1661741354, NULL, 1, 0, '1661741139630c2853f313b', '0', '1661741364', NULL, 'vip', 0),
(50, 'Wiajaya Ananta', 'Balikpapan', '0', 1, 'tamu.jpg', 1661742232, NULL, 1, 0, '1661741465630c29997a9c7', '0', '1661742242', NULL, NULL, 0),
(51, 'Wahidin', 'Jakarta', '0', 1, 'tamu.jpg', 1661745328, NULL, 2, 0, '1661745312630c38a094505', '0', '1661745338', 'Ok', NULL, 1),
(52, 'Dodong', 'jakarta', '0', 1, 'tamu.jpg', 1661859074, NULL, 1, 0, '1661859061630df4f56da30', '0', '1661859172', 's', NULL, 1),
(53, 'Bambang', 'Jakarta Barat', '0', 1, 'tamu.jpg', 1661859843, NULL, 9, 0, '1661859817630df7e931f7e', '0', '1661859853', 'f', NULL, 1),
(13752, 'Muhaz', 'Surabaya', '0', 1, 'tamu.jpg', 0, NULL, 1, 0, '168110385864339bf2e459c', '0', '0', NULL, NULL, 0),
(28982, 'tibra digital', '-', '0', 6, 'tamu.jpg', 1699836934, NULL, 1, 0, '1699836910655173ee7a26a', '0', '1699836944', NULL, NULL, 0),
(31710, 'Tamu Tibra', 'Bandung', '0', 6, 'tamu.jpg', 1710316293, NULL, 1, 0, '17022664496576865196f37', '0', '1710316319', NULL, NULL, 0),
(32763, 'Jung', 'Sun', '0', 6, 'tamu.jpg', 1708662084, NULL, 1, 0, '170866192765d81ca799d3d', '0', '1708677674', 'Ppp', 'vip', 0),
(34205, 'asep', 'kedungrejo', '0', 6, 'tamu.jpg', 1709034560, NULL, 2, 0, '170903456065ddcc403046c', '0', '1715610482', NULL, NULL, 0),
(35316, 'Lala', 'Lili', '0', 6, 'tamu.jpg', 1711269947, NULL, 1, 0, '171126994765ffe83bd09f5', '0', '1715311039', NULL, NULL, 0),
(36128, 'Sherly', 'Jakarta', '0', 6, 'tamu.jpg', 1714810684, NULL, 2, 0, '17148106846635ef3c1c41d', '0', '1714810694', NULL, NULL, 0),
(36307, 'Lili', '-', '0', 6, 'tamu.jpg', 1715311116, NULL, 1, 0, '1715311074663d91e286b8f', '0', '1715311127', NULL, NULL, 1),
(36474, 'Abu Bakar Halid', '-', '0', 6, 'tamu.jpg', 0, NULL, 1, 0, '17156107156642245b3d5b6', '0', '0', NULL, NULL, 1),
(36475, 'kiki', '-', '0', 6, 'tamu.jpg', 1715611417, NULL, 1, 0, '1715611049664225a93812f', '0', '1715611427', NULL, NULL, 1),
(36655, 'jan', 'bdg', '0', 6, 'tamu.jpg', 1716274484, NULL, 1, 0, '1716274484664c4534d39ef', '0', '1716274494', NULL, NULL, 0);

-- --------------------------------------------------------

--
-- Table structure for table `tamu_import`
--

CREATE TABLE `tamu_import` (
  `id` int(30) UNSIGNED NOT NULL,
  `nama` varchar(100) NOT NULL,
  `alamat` varchar(100) NOT NULL,
  `event_id` int(30) NOT NULL,
  `keterangan` varchar(300) DEFAULT NULL,
  `vip` varchar(15) DEFAULT NULL,
  `sesi` int(2) DEFAULT 0
) ENGINE=InnoDB DEFAULT CHARSET=utf8mb3 COLLATE=utf8mb3_general_ci;

--
-- Dumping data for table `tamu_import`
--

INSERT INTO `tamu_import` (`id`, `nama`, `alamat`, `event_id`, `keterangan`, `vip`, `sesi`) VALUES
(5032, 'Firly & Ray', '', 0, 'Bridesmaid', '0', 0),
(5033, 'Fenny & Agung', '', 0, 'Bridesmaid', '0', 0),
(5034, 'Fhitri & Fiqih', '', 0, 'Bridesmaid', '0', 0),
(5035, 'Himma Ulya', '', 0, 'Bridesmaid', '0', 0),
(5036, 'Madini & Ardi', '', 0, 'Bridesmaid', '0', 0),
(5037, 'Ella Amalia', '', 0, NULL, '0', 0),
(5038, 'Alisa & Bram', '', 0, 'Bridesmaid', '0', 0),
(5039, 'Vicky & Avin', '', 0, 'Bridesmaid', '0', 0),
(5040, 'Nisa & Taris', '', 0, 'Bridesmaid', '0', 0),
(5041, 'Yuza & Haerul', '', 0, 'Bridesmaid', '0', 0),
(5042, 'Sarah & Partner', '', 0, 'Bridesmaid', '0', 0),
(5043, 'Yayang & Partner', '', 0, NULL, '0', 0),
(5044, 'Vina', '', 0, NULL, '0', 0),
(5045, 'Soniya & Partner', '', 0, NULL, '0', 0),
(5046, 'Nurika Cintia', '', 0, NULL, '0', 0),
(5047, 'Oktaviani', '', 0, NULL, '0', 0),
(5048, 'Derry & Partner', '', 0, NULL, '0', 0),
(5049, 'Bimo & Partner', '', 0, NULL, '0', 0),
(5050, 'Daris & Partner', '', 0, NULL, '0', 0),
(5051, 'Achy & Partner', '', 0, NULL, '0', 0),
(5052, 'Angger & Partner', '', 0, NULL, '0', 0),
(5053, 'Tantan & Partner', '', 0, NULL, '0', 0),
(5054, 'Aping & Partner', '', 0, NULL, '0', 0),
(5055, 'Oloy & Pungki', '', 0, NULL, '0', 0),
(5056, 'Uti', '', 0, NULL, '0', 0),
(5057, 'Mamak', '', 0, NULL, '0', 0),
(5058, 'Luthfi & Pasangan Nya', '', 0, 'Groomsman', '0', 0),
(5059, 'Doni & Partner', '', 0, 'Groomsman', '0', 0),
(5060, 'Indra & Partner', '', 0, NULL, '0', 0),
(5061, 'Dwiky & Ica', '', 0, NULL, '0', 0),
(5062, 'Emin', '', 0, NULL, '0', 0),
(5063, 'Heru', '', 0, NULL, '0', 0),
(5064, 'Ishaq', '', 0, NULL, '0', 0),
(5065, 'Rangga', '', 0, NULL, '0', 0),
(5066, 'Hasyim', '', 0, NULL, '0', 0),
(5067, 'Deka', '', 0, NULL, '0', 0),
(5068, 'Reza', '', 0, NULL, '0', 0),
(5069, 'Brahmantyo', '', 0, NULL, '0', 0),
(5070, 'Kevin Al Fathan', '', 0, NULL, '0', 0),
(5071, 'Fauzi', '', 0, NULL, '0', 0),
(5072, 'Gega', '', 0, NULL, '0', 0),
(5073, 'Akbar', '', 0, NULL, '0', 0),
(5074, 'Irfan Ilmi', '', 0, NULL, '0', 0),
(5075, 'Danu', '', 0, NULL, '0', 0),
(5076, 'Ibnu', '', 0, NULL, '0', 0),
(5077, 'Lina', '', 0, NULL, '0', 0),
(5078, 'Igel', '', 0, NULL, '0', 0),
(5079, 'Dinda', '', 0, NULL, '0', 0),
(5080, 'Roma Udur Evelyn', '', 0, NULL, '0', 0),
(5081, 'Marsya', '', 0, NULL, '0', 0),
(5082, 'Stefanus & Irma', '', 0, NULL, '0', 0),
(5083, 'Christian Bunaidi', '', 0, NULL, '0', 0),
(5084, 'Eva', '', 0, NULL, '0', 0),
(5085, 'Patrissa', '', 0, NULL, '0', 0),
(5086, 'Dina Khoirunnisa', '', 0, NULL, '0', 0),
(5087, 'Dina Julyana', '', 0, NULL, '0', 0),
(5088, 'Bu Desi', '', 0, NULL, '0', 0),
(5089, 'R. Amirul Mukminin', '', 0, NULL, '0', 0),
(5090, 'Desy Arfianti', '', 0, NULL, '0', 0),
(5091, 'Arkanda', '', 0, NULL, '0', 0),
(5092, 'Sarah', '', 0, NULL, '0', 0),
(5093, 'Wiwik', '', 0, NULL, '0', 0),
(5094, 'Rebecca', '', 0, NULL, '0', 0),
(5095, 'Riefky Rizaldi', '', 0, 'Groomsman', '0', 0),
(5096, 'Taufik Ismail & Salsa', '', 0, 'Groomsman', '0', 0),
(5097, 'Oktafianda & Nisa', '', 0, 'Groomsman', '0', 0),
(5098, 'Chairun Riza', '', 0, 'Groomsman', '0', 0),
(5099, 'Audia', '', 0, NULL, '0', 0),
(5100, 'Zumairoh', '', 0, NULL, '0', 0),
(5101, 'Ahmad Firdausyi', '', 0, NULL, '0', 0),
(5102, 'Ghilang Wishangeni', '', 0, NULL, '0', 0),
(5103, 'Hafidah', '', 0, NULL, '0', 0),
(5104, 'Idham', '', 0, NULL, '0', 0),
(5105, 'Maria Ulfah', '', 0, NULL, '0', 0),
(5106, 'Anisha Anastasya', '', 0, NULL, '0', 0),
(5107, 'Bella Ayudiah', '', 0, NULL, '0', 0),
(5108, 'Haryani Cintiya', '', 0, NULL, '0', 0),
(5109, 'Rima', '', 0, NULL, '0', 0),
(5110, 'Jauhari', '', 0, NULL, '0', 0),
(5111, 'Reynal Aprizal', '', 0, NULL, '0', 0),
(5112, 'Chindy', '', 0, NULL, '0', 0),
(5113, 'Zalfa', '', 0, NULL, '0', 0),
(5114, 'Indah', '', 0, NULL, '0', 0),
(5115, 'Yodanti', '', 0, NULL, '0', 0),
(5116, 'Sashmita', '', 0, NULL, '0', 0),
(5117, 'Mitha', '', 0, NULL, '0', 0),
(5118, 'Della', '', 0, NULL, '0', 0),
(5119, 'Shendy', '', 0, NULL, '0', 0),
(5120, 'Rio', '', 0, NULL, '0', 0),
(5121, 'Acong', '', 0, NULL, '0', 0),
(5122, 'Rara, Agam, & Ade', '', 0, NULL, '0', 0),
(5123, 'Mail', '', 0, NULL, '0', 0),
(5124, 'Ica', '', 0, NULL, '0', 0),
(5125, 'Bibi', '', 0, NULL, '0', 0),
(5126, 'Gogo', '', 0, NULL, '0', 0),
(5127, 'Febri', '', 0, NULL, '0', 0),
(5128, 'Anti', '', 0, NULL, '0', 0),
(5129, 'Adly & Zulfania', '', 0, NULL, '0', 0),
(5130, 'Fadhil & Partner', '', 0, NULL, '0', 0),
(5131, 'Ipin', '', 0, NULL, '0', 0),
(5132, 'Azhar', '', 0, NULL, '0', 0),
(5133, 'Fifah', '', 0, NULL, '0', 0),
(5134, 'Ririn', '', 0, NULL, '0', 0),
(5135, 'Dwi & Ayu', '', 0, NULL, '0', 0),
(5136, 'Ramzy & Istri', '', 0, NULL, '0', 0),
(5137, 'Nada', '', 0, NULL, '0', 0),
(5138, 'Cynthia & Partner', '', 0, NULL, '0', 0),
(5139, 'Kevin Geraldy & Dina', '', 0, 'Groomsman', '0', 0),
(5140, 'Gita Tiffany & Ikram', '', 0, NULL, '0', 0),
(5141, 'Adrian Zaki & Partner', '', 0, NULL, '0', 0),
(5142, 'Om Ivan & Tante Etin', '', 0, NULL, '0', 0),
(5143, 'Andreas & Partner', '', 0, 'Groomsman', '0', 0),
(5144, 'Bima & Partner', '', 0, NULL, '0', 0),
(5145, 'Jody Ramadhan', '', 0, 'Groomsman', '0', 0),
(5146, 'Yoga Hartoyo', '', 0, NULL, '0', 0),
(5147, 'Adhi Budinov', '', 0, NULL, '0', 0),
(5148, 'Deyo Ramadano', '', 0, NULL, '0', 0),
(5149, 'Omar Arifyansyah', '', 0, NULL, '0', 0),
(5150, 'Heru Dwi', '', 0, NULL, '0', 0),
(5151, 'Gema Bachtiar', '', 0, NULL, '0', 0),
(5152, 'Rizky Mulya', '', 0, NULL, '0', 0),
(5153, 'Ramadila Iskandar', '', 0, NULL, '0', 0),
(5154, 'Om Ule & Tante Heni', '', 0, NULL, '0', 0),
(5155, 'Orang Tua Firly', '', 0, NULL, '0', 0),
(5156, 'Orang Tua Fenny', '', 0, NULL, '0', 0),
(5157, 'Orang Tua Mail', '', 0, NULL, '0', 0),
(5158, 'Tante Juju', '', 0, NULL, '0', 0),
(5159, 'Adi ', '', 0, 'PDI Perjuangan', '0', 0),
(5160, 'Rudy Daulay', '', 0, 'PDI Perjuangan', '0', 0),
(5161, 'Nando', '', 0, 'PDI Perjuangan', '0', 0),
(5162, 'Moris', '', 0, 'PDI Perjuangan', '0', 0),
(5163, 'Christianto Suryowibowo', '', 0, 'PDI Perjuangan', '0', 0),
(5164, 'Wiwi DPD PDIP', '', 0, 'PDI Perjuangan', '0', 0),
(5165, 'Ady Wijaya', '', 0, 'PDI Perjuangan', '1', 0),
(5166, 'Hendra DPD ', '', 0, 'PDI Perjuangan', '0', 0),
(5167, 'Cibum DPD PDIP', '', 0, 'PDI Perjuangan', '0', 0),
(5168, 'Dhadex Carter Siahaan', '', 0, 'PDI Perjuangan', '1', 0),
(5169, 'Findri DPD PDIP', '', 0, 'PDI Perjuangan', '0', 0),
(5170, 'Wely DPD PDIP', '', 0, 'PDI Perjuangan', '0', 0),
(5171, 'H. Panji Virgianto Sedyo Setiawan, S.I.KOM., S.IP', '', 0, 'PDI Perjuangan', '1', 0),
(5172, 'Hj. Yuke Yurike, S.T, MM', '', 0, 'PDI Perjuangan', '1', 0),
(5173, 'Simon A.M. Sitorus, S.IP, M.lp', '', 0, 'PDI Perjuangan', '1', 0),
(5174, 'Nuraini Hilir, M.Si', '', 0, 'PDI Perjuangan', '1', 0),
(5175, 'Dini ', '', 0, 'PDI Perjuangan', '1', 0),
(5176, 'Frans', '', 0, 'PDI Perjuangan', '0', 0),
(5177, 'Suyoto', '', 0, 'PDI Perjuangan', '0', 0),
(5178, 'Tri', '', 0, 'PDI Perjuangan', '0', 0),
(5179, 'Toto Suntoro', '', 0, 'PDI Perjuangan', '0', 0),
(5180, 'Rida Siringo', '', 0, 'PDI Perjuangan', '0', 0),
(5181, 'Casey Puspa', '', 0, 'PDI Perjuangan', '0', 0),
(5182, 'Endang Triutami', '', 0, 'PDI Perjuangan', '0', 0),
(5183, 'Febri Wulandari', '', 0, 'PDI Perjuangan', '0', 0),
(5184, 'Galang', '', 0, 'PDI Perjuangan', '0', 0),
(5185, 'Maria', '', 0, 'PDI Perjuangan', '0', 0),
(5186, 'Paulus Sinulingga', '', 0, 'PDI Perjuangan', '1', 0),
(5187, 'Adventya Zamira Litaay', '', 0, 'PDI Perjuangan', '1', 0),
(5188, 'Banteng Pringgodani', '', 0, 'PDI Perjuangan', '1', 0),
(5189, 'Drs. Utut Adianto', '', 0, 'PDI Perjuangan', '1', 0),
(5190, 'Ario Indrasworo', '', 0, 'PDI Perjuangan', '1', 0),
(5191, 'Ir. Basuki Tjahaja Purnama, M.M.', '', 0, 'PDI Perjuangan', '1', 0),
(5192, 'Yopie Tiwa', '', 0, 'PDI Perjuangan', '1', 0),
(5193, 'Gembong Warsono, S.IP., MM', '', 0, 'PDI Perjuangan', '1', 0),
(5194, 'Dr. Riyo Kristian', '', 0, 'PDI Perjuangan', '1', 0),
(5195, 'Ribka Tjiptaning Proletariyati', '', 0, 'PDI Perjuangan', '1', 0),
(5196, 'Masinton Pasaribu, S.H.', '', 0, 'PDI Perjuangan', '1', 0),
(5197, 'Drs. H. Djarot Saiful Hidayat, M.S.', '', 0, 'PDI Perjuangan', '1', 0),
(5198, 'H. Ganjar Pranowo, S.H., M.I.P.', '', 0, 'PDI Perjuangan', '1', 0),
(5199, 'Amsal', '', 0, NULL, '0', 0),
(5200, 'Asok', '', 0, NULL, '0', 0),
(5201, 'Sugiarto', '', 0, NULL, '0', 0),
(5202, 'H. Maindra', '', 0, NULL, '0', 0),
(5203, 'Sularso', '', 0, NULL, '0', 0),
(5204, 'Hj. Indun', '', 0, NULL, '0', 0),
(5205, 'Kelik Suroto', '', 0, NULL, '0', 0),
(5206, 'Oji & Yuli', '', 0, NULL, '0', 0),
(5207, 'Iput & Ade', '', 0, NULL, '0', 0),
(5208, 'Fiqih', '', 0, NULL, '0', 0),
(5209, 'Suyatman Ketua RT 005/002', '', 0, NULL, '0', 0),
(5210, 'Hj. Sri Harpini', '', 0, NULL, '0', 0),
(5211, 'Iwan', '', 0, NULL, '0', 0),
(5212, 'Aam', '', 0, NULL, '0', 0),
(5213, 'Rita', '', 0, NULL, '0', 0),
(5214, 'Mbah Nah', '', 0, NULL, '0', 0),
(5215, 'Sarto', '', 0, NULL, '0', 0),
(5216, 'Iwan & Endang', '', 0, NULL, '0', 0),
(5217, 'Ali. S', '', 0, NULL, '0', 0),
(5218, 'Ida & Jeki', '', 0, NULL, '0', 0),
(5219, 'Husein', '', 0, NULL, '0', 0),
(5220, 'Mujiarto', '', 0, NULL, '0', 0),
(5221, 'Tuti', '', 0, NULL, '0', 0),
(5222, 'Sukatno', '', 0, NULL, '0', 0),
(5223, 'Wati', '', 0, NULL, '0', 0),
(5224, 'H. Suwarno', '', 0, NULL, '0', 0),
(5225, 'Sulton', '', 0, NULL, '0', 0),
(5226, 'Nani', '', 0, NULL, '0', 0),
(5227, 'Lasmi', '', 0, NULL, '0', 0),
(5228, 'Wati', '', 0, NULL, '0', 0),
(5229, 'Jupe', '', 0, NULL, '0', 0),
(5230, 'Tiwik', '', 0, NULL, '0', 0),
(5231, 'Titi', '', 0, NULL, '0', 0),
(5232, 'Kasdi', '', 0, NULL, '0', 0),
(5233, 'Wito & Endang', '', 0, NULL, '0', 0),
(5234, 'May', '', 0, NULL, '0', 0),
(5235, 'Imam', '', 0, NULL, '0', 0),
(5236, 'Heru Pramono', '', 0, NULL, '0', 0),
(5237, 'Mbah Semi & Sulis', '', 0, NULL, '0', 0),
(5238, 'Yani', '', 0, NULL, '0', 0),
(5239, 'H. Tino & Hj, Tuti', '', 0, NULL, '0', 0),
(5240, 'Sukamta', '', 0, NULL, '0', 0),
(5241, 'Tati', '', 0, NULL, '0', 0),
(5242, 'Sembiring', '', 0, NULL, '0', 0),
(5243, 'Aan & Bpk Wahyu', '', 0, NULL, '0', 0),
(5244, 'Jayadi', '', 0, NULL, '0', 0),
(5245, 'Misro', '', 0, NULL, '0', 0),
(5246, 'Sukamto', '', 0, NULL, '0', 0),
(5247, 'Teguh & Sisri', '', 0, NULL, '0', 0),
(5248, 'Suroto', '', 0, NULL, '0', 0),
(5249, 'H. Oma', '', 0, NULL, '0', 0),
(5250, 'Pratitis', '', 0, NULL, '0', 0),
(5251, 'Mulyono', '', 0, NULL, '0', 0),
(5252, 'Sundari', '', 0, NULL, '0', 0),
(5253, 'Heri Swaranto', '', 0, NULL, '0', 0),
(5254, 'Yuyus & Dina', '', 0, NULL, '0', 0),
(5255, 'Hetty & Budeh Yamti', '', 0, NULL, '0', 0),
(5256, 'Salma', '', 0, NULL, '0', 0),
(5257, 'Hartono', '', 0, NULL, '0', 0),
(5258, 'Ojak', '', 0, NULL, '0', 0),
(5259, 'Malik', '', 0, NULL, '0', 0),
(5260, 'H. Erwin& Hj. Dedeh', '', 0, NULL, '0', 0),
(5261, 'Mukti', '', 0, NULL, '0', 0),
(5262, 'Memeh', '', 0, NULL, '0', 0),
(5263, 'Amanih Yahya', '', 0, NULL, '0', 0),
(5264, 'Handoyo', '', 0, NULL, '0', 0),
(5265, 'Musairi', '', 0, NULL, '0', 0),
(5266, 'Abdul Kholik Ketua RT 008/002', '', 0, NULL, '0', 0),
(5267, 'Budi', '', 0, NULL, '0', 0),
(5268, 'Dede & Niken', '', 0, NULL, '0', 0),
(5269, 'Ari Bentar', '', 0, NULL, '0', 0),
(5270, 'Juwanda', '', 0, NULL, '0', 0),
(5271, 'Nuni Teguh', '', 0, NULL, '0', 0),
(5272, 'Zul & Harni', '', 0, NULL, '0', 0),
(5273, 'Nuryaman', '', 0, NULL, '0', 0),
(5274, 'Mbah Tumin', '', 0, NULL, '0', 0),
(5275, 'Woro', '', 0, NULL, '0', 0),
(5276, 'Sugeng', '', 0, NULL, '0', 0),
(5277, 'Yanto & Nani', '', 0, NULL, '0', 0),
(5278, 'Keluarga Besar Mbah Sumaryo', '', 0, NULL, '0', 0),
(5279, 'Mbah Ngatno', '', 0, NULL, '0', 0),
(5280, 'Eko & Yani', '', 0, NULL, '0', 0),
(5281, 'Iwan & Sisri', '', 0, NULL, '0', 0),
(5282, 'H. Surono & Hj. Sum', '', 0, NULL, '0', 0),
(5283, 'Hj. Sutinem', '', 0, NULL, '0', 0),
(5284, 'Hj. Samiyem', '', 0, NULL, '0', 0),
(5285, 'Kowo & Hartanti', '', 0, NULL, '0', 0),
(5286, 'Hartanto', '', 0, NULL, '0', 0),
(5287, 'Tarti', '', 0, NULL, '0', 0),
(5288, 'Heru & Novi', '', 0, NULL, '0', 0),
(5289, 'Fajar & Istri', '', 0, NULL, '0', 0),
(5290, 'Juwono', '', 0, NULL, '0', 0),
(5291, 'Eko & Ningsih', '', 0, NULL, '0', 0),
(5292, 'Budi Santoso', '', 0, NULL, '0', 0),
(5293, 'Budi & Mami', '', 0, NULL, '0', 0),
(5294, 'Widodo', '', 0, NULL, '0', 0),
(5295, 'Man', '', 0, NULL, '0', 0),
(5296, 'Mbah Sukadi & Mbah Sum', '', 0, NULL, '0', 0),
(5297, 'Masda & Feby', '', 0, NULL, '0', 0),
(5298, 'Tiyas & Hana', '', 0, NULL, '0', 0),
(5299, 'Heli', '', 0, NULL, '0', 0),
(5300, 'Pidin', '', 0, NULL, '0', 0),
(5301, 'Ferry &Wulan', '', 0, NULL, '0', 0),
(5302, 'Maseni & Reni', '', 0, NULL, '0', 0),
(5303, 'H. Taswan', '', 0, NULL, '0', 0),
(5304, 'H. Suwarto', '', 0, NULL, '0', 0),
(5305, 'Suhar & Hj. Laser', '', 0, NULL, '0', 0),
(5306, 'Royo', '', 0, NULL, '0', 0),
(5307, 'Arif', '', 0, NULL, '0', 0),
(5308, 'Jaswanto', '', 0, NULL, '0', 0),
(5309, 'Sumita & Nenti', '', 0, NULL, '0', 0),
(5310, 'Eni', '', 0, NULL, '0', 0),
(5311, 'Fatonah', '', 0, NULL, '0', 0),
(5312, 'Budi Santoso & Ida', '', 0, NULL, '0', 0),
(5313, 'Sukino', '', 0, NULL, '0', 0),
(5314, 'Suwarti', '', 0, NULL, '0', 0),
(5315, 'Minah', '', 0, NULL, '0', 0),
(5316, 'Ijul', '', 0, NULL, '0', 0),
(5317, 'Tarno & Mul', '', 0, NULL, '0', 0),
(5318, 'Uki & Dian', '', 0, NULL, '0', 0),
(5319, 'Suryo & Istri', '', 0, NULL, '0', 0),
(5320, 'Suwito', '', 0, NULL, '0', 0),
(5321, 'Rizky', '', 0, NULL, '0', 0),
(5322, 'Agus & Rita', '', 0, NULL, '0', 0),
(5323, 'Maryati', '', 0, NULL, '0', 0),
(5324, 'Win', '', 0, NULL, '0', 0),
(5325, 'H. Ahmad', '', 0, NULL, '0', 0),
(5326, 'Sobirin', '', 0, NULL, '0', 0),
(5327, 'Zubaedah', '', 0, NULL, '0', 0),
(5328, 'Irma Santi', '', 0, NULL, '0', 0),
(5329, 'Suseno', '', 0, NULL, '0', 0),
(5330, 'Sumadi', '', 0, NULL, '0', 0),
(5331, 'Rustanto', '', 0, NULL, '0', 0),
(5332, 'Giyono', '', 0, NULL, '0', 0),
(5333, 'Eli Borcil', '', 0, NULL, '0', 0),
(5334, 'Nunung Borcil', '', 0, NULL, '0', 0),
(6148, 'PAK RULLY', 'JAKARTA', 0, 'DIVISI CSR ', '1', NULL),
(6149, 'MBA AFIFAH', 'JAKARTA', 0, 'DIVISI CSR ', '0', NULL),
(6150, 'PAK TEGUH', 'JAKARTA', 0, 'DIVISI CSR ', '0', NULL),
(6151, 'BU MERY', 'JAKARTA', 0, 'DIVISI CSR ', NULL, NULL),
(6152, 'HENJUN', 'JAKARTA', 0, 'DIVISI CSR ', NULL, NULL),
(6153, 'PAK RUDI', 'JAKARTA', 0, 'DIVISI CSR ', NULL, NULL),
(6154, 'MBA CHEMI', 'JAKARTA', 0, 'DIVISI CSR ', NULL, NULL),
(6155, 'OLIVIA', 'JAKARTA', 0, 'DIVISI CSR ', NULL, NULL),
(6156, 'GALANG', 'JAKARTA', 0, 'DIVISI CSR ', NULL, NULL),
(6157, 'ANDIKA', 'JAKARTA', 0, 'DIVISI CSR ', NULL, NULL),
(6158, 'HERO', 'JAKARTA', 0, 'DIVISI CSR ', NULL, NULL),
(6159, 'DINA', 'JAKARTA', 0, 'DIVISI CSR ', NULL, NULL),
(6160, 'REGGY', 'JAKARTA', 0, 'DIVISI CSR ', NULL, NULL),
(6161, 'JACINDA', 'JAKARTA', 0, 'DIVISI CSR ', NULL, NULL),
(6162, 'YANTI', 'JAKARTA', 0, 'DIVISI CSR ', NULL, NULL),
(6163, 'BU HERTIN', 'JAKARTA', 0, 'PEGADAIAN', NULL, NULL),
(6164, 'BU KATRIN', 'JAKARTA', 0, 'PEGADAIAN', NULL, NULL),
(6165, 'BU TANTI', 'JAKARTA', 0, 'PEGADAIAN', NULL, NULL),
(6166, 'BU TUTI', 'JAKARTA', 0, 'PEGADAIAN', NULL, NULL),
(6167, 'PAK ADE YAYAT', 'JAKARTA', 0, 'PEGADAIAN', NULL, NULL),
(6168, 'BU SUCI', 'WONOGIRI', 0, 'PEGADAIAN', NULL, NULL),
(6169, 'PAK PANJI', 'JAKARTA', 0, 'PEGADAIAN', NULL, NULL),
(6170, 'BU NURBIJAH', 'JAKARTA', 0, 'PEGADAIAN', NULL, NULL),
(6171, 'NIA', 'JAKARTA', 0, 'PEGADAIAN', NULL, NULL),
(6172, 'MUSLIM', 'JAKARTA', 0, 'PEGADAIAN', NULL, NULL),
(6173, 'WINTARA', 'JAKARTA', 0, 'PEGADAIAN', NULL, NULL),
(6174, 'BELLA', 'JAKARTA', 0, 'PEGADAIAN', NULL, NULL),
(6175, 'FAHMI', 'JAKARTA', 0, 'PEGADAIAN', NULL, NULL),
(6176, 'DHANOP', 'JAKARTA', 0, 'PEGADAIAN', NULL, NULL),
(6177, 'MELLISA', 'JAKARTA', 0, 'PEGADAIAN', NULL, NULL),
(6178, 'MAS URIP', 'JAKARTA', 0, 'PEGADAIAN', NULL, NULL),
(6179, 'KANG ANDRI', 'BANDUNG', 0, 'PEGADAIAN', NULL, NULL),
(6180, 'DEVI', 'JAKARTA', 0, 'ASMI BESTIE', NULL, NULL),
(6181, 'AGIL', 'JAKARTA', 0, 'ASMI BESTIE', NULL, NULL),
(6182, 'SHINTA', 'JAKARTA', 0, 'ASMI BESTIE', NULL, NULL),
(6183, 'SARI', 'JAKARTA', 0, 'ASMI BESTIE', NULL, NULL),
(6184, 'DANIA', 'JAKARTA', 0, 'ASMI BESTIE', NULL, NULL),
(6185, 'ANA', 'JAKARTA', 0, 'ASMI BESTIE', NULL, NULL),
(6186, 'NURRAHMAN', 'JAKARTA', 0, 'ASMI ', NULL, NULL),
(6187, 'PUTRI', 'JAKARTA', 0, 'TEMAN TRIP', NULL, NULL),
(6188, 'MELLA', 'JAKARTA', 0, 'TEMAN TRIP', NULL, NULL),
(6189, 'TYAS', 'JAKARTA', 0, 'TEMAN SEKOLAH', NULL, NULL),
(6190, 'DINI', 'JAKARTA', 0, 'TEMAN SEKOLAH', NULL, NULL),
(6191, 'LALO', 'JAKARTA', 0, 'TEMAN SEKOLAH', NULL, NULL),
(6192, 'JUWITA', 'JAKARTA', 0, 'TEMAN SEKOLAH', NULL, NULL),
(6193, 'LINI', 'JAKARTA', 0, 'TEMAN SEKOLAH', NULL, NULL),
(6194, 'ENDAH', 'JAKARTA', 0, 'TEMAN SEKOLAH', NULL, NULL),
(6195, 'GIGI', 'JAKARTA', 0, 'TEMAN SEKOLAH', NULL, NULL),
(6196, 'UMEI', 'JAKARTA', 0, 'TEMAN SEKOLAH', NULL, NULL),
(6197, 'DEBBY', 'JAKARTA', 0, 'TEMAN SEKOLAH', NULL, NULL),
(6198, 'TARI', 'JAKARTA', 0, 'TEMAN SEKOLAH', NULL, NULL),
(6199, 'MBA LIA', 'JAKARTA', 0, 'PEGADAIAN BOGOR', NULL, NULL),
(6200, 'ATUN', 'JAKARTA', 0, 'PEGADAIAN BOGOR', NULL, NULL),
(6201, 'MBA LENNY', 'JAKARTA', 0, 'PEGADAIAN BOGOR', NULL, NULL),
(6202, 'MBA JES', 'CIREBON', 0, 'PEGADAIAN BOGOR', NULL, NULL),
(6203, 'JOB', 'JAKARTA', 0, 'PEGADAIAN BOGOR', NULL, NULL),
(6204, 'PRAS', 'JAKARTA', 0, 'PEGADAIAN BOGOR', NULL, NULL),
(6205, 'BIMA', 'JAKARTA', 0, 'PEGADAIAN BOGOR', NULL, NULL),
(6206, 'MAS LUKMAN', 'JAKARTA', 0, 'PEGADAIAN BOGOR', NULL, NULL),
(6207, 'HUSEIN', 'JAKARTA', 0, 'PEGADAIAN BOGOR', NULL, NULL),
(6208, 'MAYA', 'JOGJAKARTA', 0, 'PEGADAIAN BOGOR', NULL, NULL),
(6209, 'BUDI', 'JOGJAKARTA', 0, 'PEGADAIAN BOGOR', NULL, NULL),
(6210, 'PAK ANWAR', 'CIREBON', 0, 'PEGADAIAN BOGOR', NULL, NULL),
(6211, 'NOVI ', 'KUNINGAN', 0, 'PEGADAIAN BOGOR', NULL, NULL),
(7976, 'drg. Nadya Pratiwi Suharyanto', 'Tanggerang', 0, 'Bridesmaid', '0', 1),
(7977, 'drg. Nadya Gabriella', 'Cikarang', 0, 'Bridesmaid', '0', 1),
(7978, 'drg. Michelle Wibianto', 'Jakarta', 0, 'Bridesmaid', '0', 1),
(7979, 'drg. Gyovana Maharani Radianto', 'Jakarta', 0, 'Bridesmaid', '0', 1),
(7980, 'drg. Mutia Rachmayanti', 'Kopo', 0, 'Bridesmaid', '0', 1),
(7981, 'drg. Hanifa Ashilah', 'Jakarta', 0, 'Bridesmaid', '0', 1),
(7982, 'Farah Attiyah', 'Palembang', 0, 'Bridesmaid', '0', 1),
(7983, 'drg. M. Taufik Hidayat', 'Jakarta', 0, 'Moestopo', '0', 1),
(7984, 'drg. Mayang Andini', 'Jakarta', 0, 'Moestopo', '0', 1),
(7985, 'drg. Firda Chaerunissa', 'Jakarta', 0, 'Moestopo', '0', 1),
(7986, 'drg. Ayunissa Armita', 'Jakarta', 0, 'Moestopo', '0', 1),
(7987, 'drg. Anggraini Chandraning', 'Jakarta', 0, 'Moestopo', '0', 1),
(7988, 'drg. Annisa Dilah', 'Jakarta', 0, 'Moestopo', '0', 1),
(7989, 'drg. Vina Febriyanti', 'Jakarta', 0, 'Moestopo', '0', 1),
(7990, 'Evita Nur Azhara Djafar', 'Jakarta', 0, 'Al-Azhar', '0', 1),
(7991, 'Talisa Audryn', 'Jakarta', 0, 'Al-Azhar', '0', 1),
(7992, 'Syifa Hayati', 'Jakarta', 0, 'Al-Azhar', '0', 1),
(7993, 'drg. Yolla Putri Andriana', 'Jakarta', 0, 'Moestopo', '0', 1),
(7994, 'drg. Salsabela Azalia', 'Jakarta', 0, 'Moestopo', '0', 1),
(7995, 'drg. Icko Rizky Amalia', 'Jakarta', 0, 'Moestopo', '0', 1),
(7996, 'drg. Kevin Owen, MARS', 'Jakarta', 0, 'Moestopo', '0', 1),
(7997, 'drg. M. Iqbal Wiranata', 'Jakarta', 0, 'Moestopo', '0', 1),
(7998, 'drg. M. Alfiansyah Wijaya', 'Jakarta', 0, 'Moestopo', '0', 1),
(7999, 'drg. Kania Larasati, MARS', 'Jakarta', 0, 'Moestopo', '0', 1),
(8000, 'drg. Lakstiara Rizka Islami, MARS', 'Jakarta', 0, 'Moestopo', '0', 1),
(8001, 'drg. Kemal Mousavi', 'Jakarta', 0, 'Moestopo', '0', 1),
(8002, 'drg. Rini Triani, Sp.KGA', 'Jakarta', 0, 'Moestopo', '1', 1),
(8003, 'drg. Elin Hertiana, Sp.Pros', 'Jakarta', 0, 'Moestopo', '1', 1),
(8004, 'drg. Ika Anisyah, Sp.KGA', 'Jakarta', 0, 'Moestopo', '1', 1),
(8005, 'drg. Adibah, M. Biomed', 'Jakarta', 0, 'Moestopo', '1', 1),
(8006, 'drg. Eddy Kosasih, Ph.D', 'Jakarta', 0, 'Moestopo', '1', 1),
(8007, 'drg. Irsan Ibrahim, M.Si', 'Jakarta', 0, 'Moestopo', '1', 1),
(8008, 'drg. Egriphina Novi Mariza', 'Jakarta', 0, 'Moestopo', '0', 1),
(8009, 'drg. Herlambang Prasetyo', 'Jakarta', 0, 'Moestopo', '0', 1),
(8010, 'drg. Fitria Kamala Azizah', 'Jakarta', 0, 'Moestopo', '0', 1),
(8011, 'drg. Cindy Arista', 'Bekasi', 0, 'Joyfam', '0', 1),
(8012, 'drg. Billy Pratama & drg. Shindy Devany', 'Bekasi', 0, 'Bougenville', '0', 1),
(8013, 'drg. Susan Theresia', 'Bekasi', 0, 'First Dental', '0', 1),
(8014, 'drg. Andriani Putri', 'Bekasi', 0, 'First Dental', '0', 1),
(8015, 'Bpk. Boby Wahyu', 'Bekasi', 0, 'Bougenville', '0', 1),
(8016, 'Bpk. Irvan Afriandi', 'Bekasi', 0, 'Bougenville', '0', 1),
(8017, '', '', 0, NULL, NULL, NULL),
(8018, '', '', 0, NULL, NULL, NULL),
(8019, '', '', 0, NULL, NULL, NULL),
(8020, '', '', 0, NULL, NULL, NULL),
(8021, '', '', 0, NULL, NULL, NULL),
(8022, '', '', 0, NULL, NULL, NULL),
(8023, '', '', 0, NULL, NULL, NULL),
(8024, '', '', 0, NULL, NULL, NULL),
(8025, '', '', 0, NULL, NULL, NULL),
(8026, '', '', 0, NULL, NULL, NULL),
(8027, '', '', 0, NULL, NULL, NULL),
(8028, '', '', 0, NULL, NULL, NULL),
(8029, '', '', 0, NULL, NULL, NULL),
(8030, '', '', 0, NULL, NULL, NULL),
(8031, '', '', 0, NULL, NULL, NULL),
(8032, '', '', 0, NULL, NULL, NULL),
(8033, '', '', 0, NULL, NULL, NULL),
(8034, '', '', 0, NULL, NULL, NULL),
(8035, '', '', 0, NULL, NULL, NULL),
(8036, '', '', 0, NULL, NULL, NULL),
(8037, '', '', 0, NULL, NULL, NULL),
(8038, '', '', 0, NULL, NULL, NULL),
(8039, '', '', 0, NULL, NULL, NULL),
(8040, '', '', 0, NULL, NULL, NULL),
(8041, '', '', 0, NULL, NULL, NULL),
(8042, '', '', 0, NULL, NULL, NULL),
(8043, '', '', 0, NULL, NULL, NULL),
(8044, '', '', 0, NULL, NULL, NULL),
(8045, '', '', 0, NULL, NULL, NULL),
(8046, '', '', 0, NULL, NULL, NULL),
(8047, '', '', 0, NULL, NULL, NULL),
(51798, 'dr. Amir Sjarifuddin Madjid, Sp.Anes', 'Jakarta', 0, 'Keluarga Bunda (Jkt)', '0', 0),
(51799, 'drg. Mira Madjid, MPH, Sp.Perio', 'Jakarta', 0, NULL, '0', 0),
(51800, 'dr. Veinardi Madjid, Sp.OG, SubspOnk', 'Jakarta', 0, NULL, '0', 0),
(51801, 'H. Sugiono, SKM', 'Samarinda', 0, 'Keluarga Bunda (Smd)', '0', 0),
(51802, 'dr. Dicha Ayunda', 'Jakarta', 0, NULL, '0', 0),
(51803, 'dr. Ira Despitasari', 'Samarinda', 0, NULL, '0', 0),
(51804, 'drg. Dewi Oktavianti', 'Samarinda', 0, NULL, '0', 0),
(51805, 'DR. IR. H. Zulfakar M. Dipl. S Eng.MM', 'Samarinda', 0, NULL, '0', 0),
(51806, 'Renjana Paradifa, SE', 'Samarinda', 0, NULL, '0', 0),
(51807, 'dr. Kahrina Delftya Madjid', 'Samarinda', 0, NULL, '0', 0),
(51808, 'dr. Diaz Ananta Putra', 'Samarinda', 0, NULL, '0', 0),
(51809, 'Ratnalita Madjid, BSc', 'Samarinda', 0, NULL, '0', 0),
(51810, 'Dini Hariani, SH', 'Samarinda', 0, NULL, '0', 0),
(51811, 'dr. Irama Fitamina Madjid & Keluarga', 'Samarinda', 0, NULL, '0', 0),
(51812, 'dr. Fitriani Madjid', 'Samarinda', 0, NULL, '0', 0),
(51813, 'Hendra Irpani', 'Samarinda', 0, NULL, '0', 0),
(51814, 'Zulkipli HM', 'Samarinda', 0, NULL, '0', 0),
(51815, 'Agus Sri Utami', 'Samarinda', 0, NULL, '0', 0),
(51816, 'Hj. Sri Uriyana', 'Samarinda', 0, NULL, '0', 0),
(51817, 'drg. Ayu Rafania', 'Samarinda', 0, NULL, '0', 0),
(51818, 'Budhe Hidayah & Keluarga', 'Semarang', 0, 'Keluarga Ayah', '0', 0),
(51819, 'Magfiroh Sylvia A. & Keluarga', 'Semarang', 0, NULL, '0', 0),
(51820, 'Budhe Rohmah & Keluarga', 'Semarang', 0, NULL, '0', 0),
(51821, 'Amalina Novistasari & Keluarga', 'Semarang', 0, NULL, '0', 0),
(51822, 'Intan Puspitasari & Keluarga', 'Semarang', 0, NULL, '0', 0),
(51823, 'Cholifah Dian Permatasari', 'Semarang', 0, NULL, '0', 0),
(51824, 'Afifah Betty. F & Keluarga', 'Jakarta', 0, NULL, '0', 0),
(51825, 'Ghorizah Fitri. A & Keluarga', 'Semarang', 0, NULL, '0', 0),
(51826, 'Normalita Eka P. & Keluarga', 'Bogor', 0, 'Teman SD-SMA Cha', '0', 0),
(51827, 'Shofiyyatul Millah & Keluarga', 'Jakarta', 0, NULL, '0', 0),
(51828, 'Theresia Apriliana & Keluarga', 'Semarang', 0, NULL, '0', 0),
(51829, 'Marisa Anugraheni & Keluarga', 'Semarang', 0, NULL, '0', 0),
(51830, 'Hildasmitha Rahmi A. & Keluarga', 'Semarang', 0, NULL, '0', 0),
(51831, 'Prasti Widyorini & Keluarga', 'Semarang', 0, NULL, '0', 0),
(51832, 'Rifky Anisa', 'Semarang', 0, NULL, '0', 0),
(51833, 'Aisyah Fitria & Keluarga', 'Semarang', 0, NULL, '0', 0),
(51834, 'Rr. Leidy Arumintia & Keluarga', 'Semarang', 0, NULL, '0', 0),
(51835, 'drg. Nida\'us Sulha S. & Keluarga', 'Banten', 0, NULL, '0', 0),
(51836, 'drg. Emilia Dwi A. & Keluarga', 'Semarang', 0, NULL, '0', 0),
(51837, 'drg. Fitria Ramadhani N. & Keluarga', 'Kalimantan', 0, NULL, '0', 0),
(51838, 'drg. Hardita Bicevani M. & Keluarga', 'Majalengka', 0, NULL, '0', 0),
(51839, 'drg. Aprilia Dian F. & Keluarga', 'Majalengka', 0, NULL, '0', 0),
(51840, 'Lela Setyorini & Keluarga', 'Jakarta', 0, NULL, '0', 0),
(51841, 'drg. Dimas Surya Saputra', 'Malang', 0, 'Teman Unair Cha', '0', 0),
(51842, 'drg. Pradhika Ardani', 'Ponorogo', 0, NULL, '0', 0),
(51843, 'drg. Nora Kharisma Rissandhika', 'Malang', 0, NULL, '0', 0),
(51844, 'drg. Meidy Damayanti', 'Surabaya', 0, NULL, '0', 0),
(51845, 'drg. Amirah Saraswati P.', 'Surabaya', 0, NULL, '0', 0),
(51846, 'drg. Maulidina Nabilah T.', 'Malang', 0, NULL, '0', 0),
(51847, 'drg. Sandra Lorensa', 'Surabaya', 0, NULL, '0', 0),
(51848, 'drg. Vira Indah Permatasari D. N', 'Malang', 0, NULL, '0', 0),
(51849, 'drg. A.A. Sagung Dyah Karuniadewi', 'Bali', 0, NULL, '0', 0),
(51850, 'drg. Rosyida Ainun Nisak', 'Magelang', 0, NULL, '0', 0),
(51851, 'drg. Rosiana Dewi Prayogo', 'Surabaya', 0, NULL, '0', 0),
(51852, 'drg. Ardista Rani Lestari', 'Bekasi', 0, NULL, '0', 0),
(51853, 'drg. Putri Qomaria Andarini', 'Situbondo', 0, NULL, '0', 0),
(51854, 'Prof. Dr. Soegeng Wahluyo, drg., M.Kes., Sp.KGA, K-KKA.', 'Surabaya', 0, 'Dosen & Staf Unair', '0', 0),
(51855, 'Prof. Seno Pradopo, drg., Ph.D., Sp.KGA, K-KKA.', 'Surabaya', 0, NULL, '0', 0),
(51856, 'Prof. Udijanto Tedjosasongko, drg., Ph.D., Sp.KGA, K-PKOA.', 'Surabaya', 0, NULL, '0', 0),
(51857, 'Prof. Dr. Sindy Cornelia Nelwan, drg., Sp.KGA, K-KKA.', 'Surabaya', 0, NULL, '0', 0),
(51858, 'Dr. Prawati Nuraini, drg., M.Kes., Sp.KGA, K-KKA.', 'Surabaya', 0, NULL, '0', 0),
(51859, 'Prof. Tania Saskianti, drg., Ph.D., Sp.KGA, K-AIBK.', 'Surabaya', 0, NULL, '0', 0),
(51860, 'Mega Moeharyono Putri, drg., Ph.D, Sp.KGA, K-AIBK.', 'Surabaya', 0, NULL, '0', 0),
(51861, 'Ardianti Maartrina Dewi, drg., M.Kes., Sp.KGA, K-PKOA.', 'Surabaya', 0, NULL, '0', 0),
(51862, 'Betadion Rizky Sinaredi, drg., M.Kes., Sp.KGA, K-KKA.', 'Surabaya', 0, NULL, '0', 0),
(51863, 'Dimas Prasetianto Wicaksono, drg. M.Kes., Ph.D.', 'Surabaya', 0, NULL, '0', 0),
(51864, 'Oktiana Zumaroh', 'Surabaya', 0, NULL, '0', 0),
(51865, 'Ony Mahendra', 'Surabaya', 0, NULL, '0', 0),
(51866, 'Bu Sulistyawati', 'Surabaya', 0, NULL, '0', 0),
(51867, 'drg. Amalia Wimarizky, Sp.KGA', 'Surabaya', 0, NULL, '0', 0),
(51868, 'Raviano', 'Semarang', 0, 'Teman Zezhe', '0', 0),
(51869, 'Hanan', 'Semarang', 0, NULL, '0', 0),
(51870, 'Wildan', 'Semarang', 0, NULL, '0', 0),
(51871, 'Wenny', 'Semarang', 0, NULL, '0', 0),
(51872, 'Jove', 'Semarang', 0, NULL, '0', 0),
(51873, 'Tarissa', 'Semarang', 0, NULL, '0', 0),
(51874, 'Talitha', 'Semarang', 0, NULL, '0', 0),
(51875, 'Syifa', 'Semarang', 0, NULL, '0', 0),
(51876, 'Daffa', 'Semarang', 0, NULL, '0', 0),
(51877, 'Alif', 'Semarang', 0, NULL, '0', 0),
(51878, 'Biyu', 'Semarang', 0, NULL, '0', 0),
(51879, 'Bombom', 'Semarang', 0, NULL, '0', 0),
(51880, 'Kusuma dewi', 'Semarang', 0, 'Puskesmas Pupay', '0', 0),
(51881, 'Dian Ayu', 'Semarang', 0, NULL, '0', 0),
(51882, 'Candra', 'Semarang', 0, NULL, '0', 0),
(51883, 'Indah Ayu', 'Semarang', 0, NULL, '0', 0),
(51884, 'dr. Dina. S', 'Semarang', 0, NULL, '0', 0),
(51885, 'dr. Monjia. T', 'Semarang', 0, NULL, '0', 0),
(51886, 'Heny', 'Semarang', 0, NULL, '0', 0),
(51887, 'Amalia Embun.R', 'Semarang', 0, NULL, '0', 0),
(51888, 'Muirah', 'Semarang', 0, NULL, '0', 0),
(51889, 'Rike W.S', 'Semarang', 0, NULL, '0', 0),
(51890, 'Teddy H.', 'Semarang', 0, NULL, '0', 0),
(51891, 'Wina', 'Semarang', 0, NULL, '0', 0),
(51892, 'Pipit niken. D', 'Semarang', 0, NULL, '0', 0),
(51893, 'Isrofi', 'Semarang', 0, NULL, '0', 0),
(51894, 'Endah F', 'Semarang', 0, NULL, '0', 0),
(51895, 'Dita Aliffia', 'Semarang', 0, NULL, '0', 0),
(51896, 'Zulaikha', 'Semarang', 0, NULL, '0', 0),
(51897, 'Efin. T', 'Semarang', 0, NULL, '0', 0),
(51898, 'Efi M.', 'Semarang', 0, NULL, '0', 0),
(51899, 'FitriBudi', 'Semarang', 0, NULL, '0', 0),
(51900, 'Umi Nadhirotun', 'Semarang', 0, NULL, '0', 0),
(51901, 'Umi', 'Semarang', 0, NULL, '0', 0),
(51902, 'Feka', 'Semarang', 0, NULL, '0', 0),
(51903, 'drg. Nana, S.T', 'Semarang', 0, NULL, '0', 0),
(51904, 'Aisyah', 'Semarang', 0, NULL, '0', 0),
(51905, 'Dwinda', 'Semarang', 0, NULL, '0', 0),
(51906, 'Fifie.Atikah', 'Semarang', 0, NULL, '0', 0),
(51907, 'Istiqomah', 'Semarang', 0, NULL, '0', 0),
(51908, 'Ivonenurya', 'Semarang', 0, NULL, '0', 0),
(51909, 'Lusi, S.Farm', 'Semarang', 0, NULL, '0', 0),
(51910, 'Nina Azzahra', 'Semarang', 0, NULL, '0', 0),
(51911, 'Amelia', 'Semarang', 0, NULL, '0', 0),
(51912, 'Ismail', 'Semarang', 0, NULL, '0', 0),
(51913, 'Tri pramono', 'Semarang', 0, NULL, '0', 0),
(51914, 'Ashudi', 'Semarang', 0, NULL, '0', 0),
(51915, 'Ida prihatin', 'Semarang', 0, NULL, '0', 0),
(51916, 'Novelia', 'Semarang', 0, NULL, '0', 0),
(51917, 'Zuma', 'Semarang', 0, NULL, '0', 0),
(51918, 'Dr. Hendricus', 'Semarang', 0, NULL, '0', 0),
(51919, 'Bp. Aries', 'Semarang', 0, NULL, '0', 0),
(51920, 'Bp. Prasetyo Budi Widodo & Keluarga', 'Semarang', 0, 'RT 01', '0', 0),
(51921, 'Bp. Yusuf Triyoto & Keluarga', 'Semarang', 0, NULL, '0', 0),
(51922, 'Bp. Sugiarto & Keluarga', 'Semarang', 0, NULL, '0', 0),
(51923, 'Bp. Muhammad Zainuddin & Keluarga', 'Semarang', 0, NULL, '0', 0),
(51924, 'Bu Heni Listianingsi & Keluarga', 'Semarang', 0, NULL, '0', 0),
(51925, 'Bp. Taufan Marhendra & Keluarga', 'Semarang', 0, NULL, '0', 0),
(51926, 'Mr. O & Keluarga', 'Semarang', 0, NULL, '0', 0),
(51927, 'Bp. Roni Widodo & Keluarga', 'Semarang', 0, NULL, '0', 0),
(51928, 'Bp. Hariyono Prasetyo A. & Keluarga', 'Semarang', 0, NULL, '0', 0),
(51929, 'Bp. Saryadi & Keluarga', 'Semarang', 0, NULL, '0', 0),
(51930, 'Bp. Muhammad Zainal A. & Keluarga', 'Semarang', 0, NULL, '0', 0),
(51931, 'Bp. Hapsoro Andang N. & Keluarga', 'Semarang', 0, NULL, '0', 0),
(51932, 'Bp. Ressa Triestinno & Keluarga', 'Semarang', 0, NULL, '0', 0),
(51933, 'Bp. Budi Santoso & Keluarga', 'Semarang', 0, NULL, '0', 0),
(51934, 'Bp. Feri Candra H. & Keluarga', 'Semarang', 0, NULL, '0', 0),
(51935, 'Ibu Sri Ruwiyati', 'Semarang', 0, NULL, '0', 0),
(51936, 'Bp. Nanang Budiyanto & Keluarga', 'Semarang', 0, NULL, '0', 0),
(51937, 'Bp. Sugeng Hartanto & Keluarga', 'Semarang', 0, NULL, '0', 0),
(51938, 'Bp. Eddi Suprihartono & Keluarga', 'Semarang', 0, NULL, '0', 0),
(51939, 'Bp. Kasiran & Keluarga', 'Semarang', 0, NULL, '0', 0),
(51940, 'Bp. Rustam Santiko & Keluarga', 'Semarang', 0, NULL, '0', 0),
(51941, 'Bp. Aditya Pamungkas & Keluarga', 'Semarang', 0, NULL, '0', 0),
(51942, 'Bp. Sutikno & Keluarga', 'Semarang', 0, NULL, '0', 0),
(51943, 'Bp. Antonius Lilik K. & Keluarga', 'Semarang', 0, NULL, '0', 0),
(51944, 'Bp. Bimo Edwin & Keluarga', 'Semarang', 0, NULL, '0', 0),
(51945, 'Bp. Sigit Pramono & Keluarga', 'Semarang', 0, NULL, '0', 0),
(51946, 'Bp. Yuda Widiyanto & Keluarga', 'Semarang', 0, NULL, '0', 0),
(51947, 'Bp. Jono Abimanyu & Keluarga', 'Semarang', 0, NULL, '0', 0),
(51948, 'Bp. Agus Kalimantono & Keluarga', 'Semarang', 0, NULL, '0', 0),
(51949, 'Ibu Esti Komariyah', 'Semarang', 0, NULL, '0', 0),
(51950, 'Bp. Adi Lukito', 'Semarang', 0, NULL, '0', 0),
(51951, 'Bp. Bernadus Oky Dwi N. & Keluarga', 'Semarang', 0, NULL, '0', 0),
(51952, 'Bp. Yudha Panji Wijaya & Keluarga', 'Semarang', 0, NULL, '0', 0),
(51953, 'Bp. Deky Irawan & Keluarga', 'Semarang', 0, NULL, '0', 0),
(51954, 'Bp. Muhammmad Abdul Rosyid & Keluarga', 'Semarang', 0, NULL, '0', 0),
(51955, 'Bp. Hedi Pujo Santoso & Keluarga', 'Semarang', 0, NULL, '0', 0),
(51956, 'Bp. Saiman & Keluarga', 'Semarang', 0, NULL, '0', 0),
(51957, 'Bp. Murdhoko Achirawan & Keluarga', 'Semarang', 0, NULL, '0', 0),
(51958, 'Bp. R. Satuhu Wahya U. & Keluarga', 'Semarang', 0, NULL, '0', 0),
(51959, 'Bp. Yusron Ari Wibowo & Keluarga', 'Semarang', 0, NULL, '0', 0),
(51960, 'Bp. Supawi & Keluarga', 'Semarang', 0, NULL, '0', 0),
(51961, 'Bp. Tedy & Keluarga', 'Semarang', 0, NULL, '0', 0),
(51962, 'Bp. Wahyu Budi A. & Keluarga', 'Semarang', 0, NULL, '0', 0),
(51963, 'Bp. Ahmat Rosidin & Keluarga', 'Semarang', 0, NULL, '0', 0),
(51964, 'Bp. Rohmad P. & Keluarga', 'Semarang', 0, NULL, '0', 0),
(51965, 'Bp. Tarno', 'Semarang', 0, NULL, '0', 0),
(51966, 'Bp. Yanto', 'Semarang', 0, NULL, '0', 0),
(51967, 'Bp. Pieter & Keluarga', 'Semarang', 0, 'Tetangga lama', '0', 0),
(51968, 'Bp. Hargono & Keluarga', 'Semarang', 0, NULL, '0', 0),
(51969, 'Bp. Farid & Keluarga', 'Semarang', 0, NULL, '0', 0),
(51970, 'Ibu Riris', 'Semarang', 0, NULL, '0', 0),
(51971, 'Ibu Warsino', 'Semarang', 0, NULL, '0', 0),
(51972, 'Bp. Slamet & Keluarga', 'Semarang', 0, NULL, '0', 0),
(51973, 'Ibu Haryadi', 'Semarang', 0, NULL, '0', 0),
(51974, 'Bp. Edi & Keluarga', 'Semarang', 0, NULL, '0', 0),
(51975, 'Bp. Purnomo & Keluarga', 'Semarang', 0, NULL, '0', 0),
(51976, 'Bp. Budi & Keluarga', 'Semarang', 0, NULL, '0', 0),
(51977, 'Bp. Hery & Keluarga', 'Semarang', 0, NULL, '0', 0),
(51978, 'Bp. Agung', 'Semarang', 0, NULL, '0', 0),
(51979, 'Bp. Adi & Keluarga', 'Semarang', 0, NULL, '0', 0),
(51980, 'Bp. Kukuh & Keluarga', 'Semarang', 0, NULL, '0', 0),
(51981, 'Ibu Kris & Keluarga', 'Semarang', 0, NULL, '0', 0),
(51982, 'drg. Sri Pudji', 'Semarang', 0, 'Teman bunda', '0', 0),
(51983, 'Ibu Ida Prihatin', 'Semarang', 0, NULL, '0', 0),
(51984, 'Ibu Retno Wahyu Djati', 'Semarang', 0, NULL, '0', 0),
(51985, 'Ibu Ani Moeljani', 'Semarang', 0, NULL, '0', 0),
(51986, 'Ibu Rahmiati', 'Semarang', 0, NULL, '0', 0),
(51987, 'Ibu Yeni Sarosa', 'Semarang', 0, NULL, '0', 0),
(51988, 'dr. Alfiani', 'Semarang', 0, NULL, '0', 0),
(51989, 'dr. Asri', 'Semarang', 0, NULL, '0', 0),
(51990, 'dr. Gita', 'Semarang', 0, NULL, '0', 0),
(51991, 'dr. Hikmah', 'Semarang', 0, NULL, '0', 0),
(51992, 'dr. Megy Y.L.', 'Semarang', 0, NULL, '0', 0),
(51993, 'dr. Rofikoh', 'Semarang', 0, NULL, '0', 0),
(51994, 'dr. S. Ani', 'Semarang', 0, NULL, '0', 0),
(51995, 'dr. Elisabeth', 'Semarang', 0, NULL, '0', 0),
(51996, 'dr. Laksmi', 'Semarang', 0, NULL, '0', 0),
(51997, 'dr. Anifah', 'Semarang', 0, NULL, '0', 0),
(51998, 'dr. Yuniarti, Sp. THT', 'Semarang', 0, NULL, '0', 0),
(51999, 'dr. Tribudi, Sp. S', 'Semarang', 0, NULL, '0', 0),
(52000, 'dr. Okto Budi Jayusman', 'Semarang', 0, NULL, '0', 0),
(52001, 'dr. Hasvien', 'Semarang', 0, NULL, '0', 0),
(52002, 'dr. Titik Wahyuningsih', 'Semarang', 0, NULL, '0', 0),
(52003, 'dr. Sirtono', 'Semarang', 0, NULL, '0', 0),
(52004, 'dr. M. Saugi Abduh, Sp.PD, KKV, FINASIM', 'Semarang', 0, NULL, '0', 0),
(52005, 'dr. Saikhu', 'Semarang', 0, NULL, '0', 0),
(52006, 'dr. Agung', 'Semarang', 0, NULL, '0', 0),
(52007, 'dr. Ali Balkhi', 'Semarang', 0, NULL, '0', 0),
(52008, 'dr. Siti Wulandari', 'Semarang', 0, NULL, '0', 0),
(52009, 'Tri Oktaviani', 'Semarang', 0, 'Kantor Ayah', '0', 0),
(52010, 'Apriyati', 'Semarang', 0, NULL, '0', 0),
(52011, 'Fahtia Putri Wijayanti', 'Semarang', 0, NULL, '0', 0),
(52012, 'Tri Wibowo', 'Semarang', 0, NULL, '0', 0),
(52013, 'Mustofa Jaelani', 'Semarang', 0, NULL, '0', 0),
(52014, 'Riki Yuliyanto', 'Semarang', 0, NULL, '0', 0),
(52015, 'Agus Setyawan', 'Semarang', 0, NULL, '0', 0),
(52016, 'Sarifah Yunofia', 'Semarang', 0, NULL, '0', 0),
(52017, 'Nur Fitriani', 'Semarang', 0, NULL, '0', 0),
(52018, 'Irfan Adhi Gunadermawan', 'Semarang', 0, NULL, '0', 0),
(52019, 'Adi Wiono', 'Semarang', 0, NULL, '0', 0),
(52020, 'Dhanang Prasisto', 'Semarang', 0, NULL, '0', 0),
(52021, 'Achmad Burhani', 'Semarang', 0, NULL, '0', 0),
(52022, 'Agus Nurdianto', 'Semarang', 0, NULL, '0', 0),
(52023, 'Budi Cahyo Santoso', 'Semarang', 0, NULL, '0', 0),
(52024, 'Luluk Asmawati', 'Semarang', 0, NULL, '0', 0),
(52025, 'Agung Sugiyanto', 'Semarang', 0, NULL, '0', 0),
(52026, 'Dhevia Futri Alphiyani', 'Semarang', 0, NULL, '0', 0),
(52027, 'Husein Al Ashghor', 'Semarang', 0, NULL, '0', 0),
(52028, 'Audilla Dewi Aisyah', 'Semarang', 0, NULL, '0', 0),
(52029, 'Rahsiwi Bitristan Pamungkas', 'Semarang', 0, NULL, '0', 0),
(52030, 'Subekti Yudha nugraha', 'Semarang', 0, NULL, '0', 0),
(52031, 'Muchamad Suranto', 'Semarang', 0, NULL, '0', 0),
(52032, 'Hasan Munadi', 'Semarang', 0, NULL, '0', 0),
(52033, 'Sri Indah Nofiyanti', 'Semarang', 0, NULL, '0', 0),
(52034, 'Luqman Hakim', 'Semarang', 0, NULL, '0', 0),
(52035, 'Ahmad Zaky', 'Semarang', 0, NULL, '0', 0),
(52036, 'Tri Hadi Saputro', 'Semarang', 0, NULL, '0', 0),
(52037, 'Alfan Dharmawan', 'Semarang', 0, NULL, '0', 0),
(52038, 'Ferry Anditya Prayoga', 'Semarang', 0, NULL, '0', 0),
(52039, 'Nesty Dian Setyawati', 'Semarang', 0, NULL, '0', 0),
(52040, 'Nikodemus Priyaka Adi Wicaksana', 'Semarang', 0, NULL, '0', 0),
(52041, 'Dimas Aditya Saputra', 'Semarang', 0, NULL, '0', 0),
(52042, 'Brian Marcius Ega Wijaya', 'Semarang', 0, NULL, '0', 0),
(52043, 'Muhammad Bariq Al Mukasyah', 'Semarang', 0, NULL, '0', 0),
(52044, 'STC Rheyno Anugrah Perdana', 'Semarang', 0, NULL, '0', 0),
(52045, 'Rizki Wijaya Yoga Pratama', 'Semarang', 0, NULL, '0', 0),
(52046, 'Eka Wahyuningsih', 'Semarang', 0, NULL, '0', 0),
(52047, 'Yana Sariwijayanti ', 'Semarang', 0, NULL, '0', 0),
(52048, 'Shilica Astari Mulyaning Diahari', 'Semarang', 0, NULL, '0', 0),
(52049, 'Sukadi', 'Semarang', 0, NULL, '0', 0),
(52050, 'Dwi Iswanto', 'Semarang', 0, NULL, '0', 0),
(52051, 'Endro Dwi Cahyono', 'Semarang', 0, NULL, '0', 0),
(52052, 'Satmoko Setia Budi', 'Semarang', 0, NULL, '0', 0),
(52053, 'Rochmad Iskandar', 'Semarang', 0, NULL, '0', 0),
(52054, 'Muhadi', 'Semarang', 0, NULL, '0', 0),
(52055, 'Sugeng Ariwibowo', 'Semarang', 0, NULL, '0', 0),
(52056, 'Septiyan Yudha Maulana', 'Semarang', 0, NULL, '0', 0),
(52057, 'Fadhil Dani Pratama', 'Semarang', 0, NULL, '0', 0),
(52058, 'Muhammad Nurhudha Toha', 'Semarang', 0, NULL, '0', 0),
(52059, 'Wiedya Yunita Nuryani', 'Semarang', 0, NULL, '0', 0),
(52060, 'Brigita Saptaning Tyas Widiastuti', 'Semarang', 0, NULL, '0', 0),
(52061, 'Wahyu Rahmat Rifa\'i', 'Semarang', 0, NULL, '0', 0),
(52062, 'Vony Agustin', 'Semarang', 0, NULL, '0', 0),
(52063, 'Siti Nurmala Santi', 'Semarang', 0, NULL, '0', 0),
(52064, 'Mochamad Nur Faiz Ihsan', 'Semarang', 0, NULL, '0', 0),
(52065, 'Muhammad Irham Indrayudha', 'Semarang', 0, NULL, '0', 0),
(52066, 'M. Rahmantya Trinanda Aswin', 'Semarang', 0, NULL, '0', 0),
(52067, 'Aditya Anugrah Wibowo', 'Semarang', 0, NULL, '0', 0),
(52068, 'Musonip', 'Semarang', 0, NULL, '0', 0),
(52069, 'Angga Permana Putra', 'Semarang', 0, NULL, '0', 0),
(52070, 'Lorenzo Lamas Karisma Mahardika', 'Semarang', 0, NULL, '0', 0),
(52071, 'Deni Ari Sandi', 'Semarang', 0, NULL, '0', 0),
(52072, 'Syaiful Rizal Octavianto', 'Semarang', 0, NULL, '0', 0),
(52073, 'Haris Fadilah', 'Semarang', 0, NULL, '0', 0),
(52074, 'Grady Raphael Sunarjo', 'Semarang', 0, NULL, '0', 0),
(52075, 'Muhammad Mujaddedi Hidayatullah', 'Semarang', 0, NULL, '0', 0),
(52076, 'Syarif Abdul Rochim', 'Semarang', 0, NULL, '0', 0),
(52077, 'Abdul Adhim', 'Semarang', 0, NULL, '0', 0),
(52078, 'Adhitya Wisnumurti', 'Semarang', 0, NULL, '0', 0),
(52079, 'Johan Aryo Nugroho', 'Semarang', 0, NULL, '0', 0),
(52080, 'Ibnu Aditya Rohman', 'Semarang', 0, NULL, '0', 0),
(52081, 'Wahyu Ari Eko', 'Semarang', 0, NULL, '0', 0),
(52082, 'Yuli Priyantoro', 'Semarang', 0, NULL, '0', 0),
(52083, 'Tedi Kurniawan', 'Semarang', 0, NULL, '0', 0),
(52084, 'Ocscar Franchiska', 'Semarang', 0, NULL, '0', 0),
(52085, 'Yusuf Nurangga Pradipta', 'Semarang', 0, NULL, '0', 0),
(52086, 'Dicky Bayu Prasetiyo', 'Semarang', 0, NULL, '0', 0),
(52087, 'Irenius Dendy Primado', 'Semarang', 0, NULL, '0', 0),
(52088, '', '', 0, NULL, NULL, NULL),
(52089, '', '', 0, NULL, NULL, NULL),
(52090, '', '', 0, NULL, NULL, NULL),
(52091, '', '', 0, NULL, NULL, NULL),
(52092, '', '', 0, NULL, NULL, NULL),
(54489, 'Prof. DR. Dr. Amir Sjarifuddin Madjid, SpAn-TI, Subsp-IC (K)', 'Jakarta', 86, 'Keluarga Bunda (Jkt)', '0', 0),
(54490, 'drg. Mira Madjid, MPH, Sp.Perio', 'Jakarta', 86, NULL, '0', 0),
(54491, 'dr. Veinardi Madjid, Sp.OG, SubspOnk', 'Jakarta', 86, NULL, '0', 0),
(54492, 'H. Sugiono, SKM', 'Samarinda', 86, 'Keluarga Bunda (Smd)', '0', 0),
(54493, 'dr. Dicha Ayunda', 'Jakarta', 86, NULL, '0', 0),
(54494, 'dr. Ira Despitasari', 'Samarinda', 86, NULL, '0', 0),
(54495, 'drg. Dewi Oktavianti', 'Samarinda', 86, NULL, '0', 0),
(54496, 'DR. IR. H. Zulfakar M. Dipl. S Eng.MM', 'Samarinda', 86, NULL, '0', 0),
(54497, 'Renjana Paradifa, SE', 'Samarinda', 86, NULL, '0', 0),
(54498, 'dr. Kharina Delftya Madjid', 'Samarinda', 86, NULL, '0', 0),
(54499, 'dr. Diaz Ananta Putra', 'Samarinda', 86, NULL, '0', 0),
(54500, 'Ratnalita Madjid, BSc', 'Samarinda', 86, NULL, '0', 0),
(54501, 'Dini Hariani, SH', 'Samarinda', 86, NULL, '0', 0),
(54502, 'dr. Irama Fitamina Madjid & Keluarga', 'Samarinda', 86, NULL, '0', 0),
(54503, 'dr. Fitriani Madjid', 'Samarinda', 86, NULL, '0', 0),
(54504, 'Hendra Irpani', 'Samarinda', 86, NULL, '0', 0),
(54505, 'Zulkipli HM', 'Samarinda', 86, NULL, '0', 0),
(54506, 'Agus Sri Utami', 'Samarinda', 86, NULL, '0', 0),
(54507, 'Hj. Sri Uriyana', 'Samarinda', 86, NULL, '0', 0),
(54508, 'Pak Dachlan & Keluarga', 'Samarinda', 86, NULL, '0', 0),
(54509, 'drg. Ayu Rafania', 'Samarinda', 86, NULL, '0', 0),
(54510, 'Budhe Hidayah & Keluarga', 'Semarang', 86, 'Keluarga Ayah', '0', 0),
(54511, 'Magfiroh Sylvia A. & Keluarga', 'Semarang', 86, NULL, '0', 0),
(54512, 'Budhe Rohmah & Keluarga', 'Semarang', 86, NULL, '0', 0),
(54513, 'Amalina Novistasari & Keluarga', 'Semarang', 86, NULL, '0', 0),
(54514, 'Intan Puspitasari & Keluarga', 'Semarang', 86, NULL, '0', 0),
(54515, 'Cholifah Dian Permatasari', 'Semarang', 86, NULL, '0', 0),
(54516, 'Afifah Betty. F & Keluarga', 'Jakarta', 86, NULL, '0', 0),
(54517, 'Ghorizah Fitri. A & Keluarga', 'Semarang', 86, NULL, '0', 0),
(54518, 'Normalita Eka P. & Keluarga', 'Bogor', 86, 'Teman SD-SMA Cha', '0', 0),
(54519, 'Shofiyyatul Millah & Keluarga', 'Jakarta', 86, NULL, '0', 0),
(54520, 'Theresia Apriliana & Keluarga', 'Semarang', 86, NULL, '0', 0),
(54521, 'Marisa Anugraheni & Keluarga', 'Semarang', 86, NULL, '0', 0),
(54522, 'Hildasmitha Rahmi A. & Keluarga', 'Semarang', 86, NULL, '0', 0),
(54523, 'Prasti Widyorini & Keluarga', 'Semarang', 86, NULL, '0', 0),
(54524, 'Rifky Anisa', 'Semarang', 86, NULL, '0', 0),
(54525, 'Aisyah Fitria & Keluarga', 'Semarang', 86, NULL, '0', 0),
(54526, 'Rr. Leidy Arumintia & Keluarga', 'Semarang', 86, NULL, '0', 0),
(54527, 'drg. Nida\'us Sulha S. & Keluarga', 'Banten', 86, 'Teman Unissula', '0', 0),
(54528, 'drg. Emilia Dwi A. & Keluarga', 'Semarang', 86, NULL, '0', 0),
(54529, 'drg. Fitria Ramadhani N. & Keluarga', 'Kalimantan', 86, NULL, '0', 0),
(54530, 'drg. Hardita Bicevani M. & Keluarga', 'Majalengka', 86, NULL, '0', 0),
(54531, 'drg. Aprilia Dian F. & Keluarga', 'Majalengka', 86, NULL, '0', 0),
(54532, 'Lela Setyorini & Keluarga', 'Jakarta', 86, NULL, '0', 0),
(54533, 'drg. Tyara Mustika', 'Kudus', 86, NULL, '0', 0),
(54534, 'drg. Dimas Surya Saputra', 'Malang', 86, 'Teman Unair Cha', '0', 0),
(54535, 'drg. Pradhika Ardani', 'Ponorogo', 86, NULL, '0', 0),
(54536, 'drg. Nora Kharisma Rissandhika', 'Malang', 86, NULL, '0', 0),
(54537, 'drg. Meidy Damayanti', 'Surabaya', 86, NULL, '0', 0),
(54538, 'drg. Amirah Saraswati P.', 'Surabaya', 86, NULL, '0', 0),
(54539, 'drg. Maulidina Nabilah T.', 'Malang', 86, NULL, '0', 0),
(54540, 'drg. Sandra Lorensa', 'Surabaya', 86, NULL, '0', 0),
(54541, 'drg. Vira Indah Permatasari D. N', 'Malang', 86, NULL, '0', 0),
(54542, 'drg. A.A. Sagung Dyah Karuniadewi', 'Bali', 86, NULL, '0', 0),
(54543, 'drg. Rosyida Ainun Nisak', 'Magelang', 86, NULL, '0', 0),
(54544, 'drg. Rosiana Dewi Prayogo', 'Surabaya', 86, NULL, '0', 0),
(54545, 'drg. Ardista Rani Lestari', 'Bekasi', 86, NULL, '0', 0),
(54546, 'drg. Putri Qomaria Andarini', 'Situbondo', 86, NULL, '0', 0),
(54547, 'Prof. Dr. Soegeng Wahluyo, drg., M.Kes., Sp. KGA, Subsp. KKA (K)', 'Surabaya', 86, 'Dosen & Staf Unair', '0', 0),
(54548, 'Prof. Seno Pradopo, drg., Ph.D., Sp. KGA, Subsp. KKA (K)', 'Surabaya', 86, NULL, '0', 0),
(54549, 'Prof. Udijanto Tedjosasongko, drg., Ph.D., Sp. KGA, Subsp. PKOA (K)', 'Surabaya', 86, NULL, '0', 0),
(54550, 'Prof. Dr. Sindy Cornelia Nelwan, drg., Sp. KGA, Subsp. KKA (K)', 'Surabaya', 86, NULL, '0', 0),
(54551, 'Dr. Prawati Nuraini, drg., M.Kes., Sp. KGA, Subsp. KKA (K)', 'Surabaya', 86, NULL, '0', 0),
(54552, 'Prof. Tania Saskianti, drg., Ph.D., Sp. KGA, Subsp. AIBK (K)', 'Surabaya', 86, NULL, '0', 0),
(54553, 'Mega Moeharyono Putri, drg., Ph.D, Sp. KGA, Subsp. AIBK (K)', 'Surabaya', 86, NULL, '0', 0),
(54554, 'Ardianti Maartrina Dewi, drg., M.Kes., Sp.KGA, Subsp. PKOA (K)', 'Surabaya', 86, NULL, '0', 0),
(54555, 'Betadion Rizky Sinaredi, drg., M.Kes., Sp. KGA, Subsp. KKA (K)', 'Surabaya', 86, NULL, '0', 0),
(54556, 'Dimas Prasetianto Wicaksono, drg. M.Kes., Ph.D.', 'Surabaya', 86, NULL, '0', 0),
(54557, 'Oktiana Zumaroh', 'Surabaya', 86, NULL, '0', 0),
(54558, 'Ony Mahendra', 'Surabaya', 86, NULL, '0', 0),
(54559, 'Bu Sulistyawati', 'Surabaya', 86, NULL, '0', 0),
(54560, 'drg. Amalia Wimarizky, Sp.KGA', 'Surabaya', 86, NULL, '0', 0),
(54561, 'Raviano', 'Semarang', 86, 'Teman Zezhe', '0', 0),
(54562, 'Hanan', 'Semarang', 86, NULL, '0', 0),
(54563, 'Wildan', 'Semarang', 86, NULL, '0', 0),
(54564, 'Wenny', 'Semarang', 86, NULL, '0', 0),
(54565, 'Jove', 'Semarang', 86, NULL, '0', 0),
(54566, 'Tarissa', 'Semarang', 86, NULL, '0', 0),
(54567, 'Talitha', 'Semarang', 86, NULL, '0', 0),
(54568, 'Syifa', 'Semarang', 86, NULL, '0', 0),
(54569, 'Daffa', 'Semarang', 86, NULL, '0', 0),
(54570, 'Alif', 'Semarang', 86, NULL, '0', 0),
(54571, 'Biyu', 'Semarang', 86, NULL, '0', 0),
(54572, 'Bombom', 'Semarang', 86, NULL, '0', 0),
(54573, 'Dewa', 'Semarang', 86, NULL, '0', 0),
(54574, 'Ritsa', 'Semarang', 86, NULL, '0', 0),
(54575, 'Kusuma dewi', 'Semarang', 86, 'Puskesmas Pupay', '0', 0),
(54576, 'Dian Ayu', 'Semarang', 86, NULL, '0', 0),
(54577, 'Candra', 'Semarang', 86, NULL, '0', 0),
(54578, 'Indah Ayu', 'Semarang', 86, NULL, '0', 0),
(54579, 'dr. Dina. S', 'Semarang', 86, NULL, '0', 0),
(54580, 'dr. Monjia. T', 'Semarang', 86, NULL, '0', 0),
(54581, 'Heny', 'Semarang', 86, NULL, '0', 0),
(54582, 'Amalia Embun.R', 'Semarang', 86, NULL, '0', 0),
(54583, 'Muirah', 'Semarang', 86, NULL, '0', 0),
(54584, 'Rike W.S', 'Semarang', 86, NULL, '0', 0),
(54585, 'Teddy H.', 'Semarang', 86, NULL, '0', 0),
(54586, 'Wina', 'Semarang', 86, NULL, '0', 0),
(54587, 'Pipit niken. D', 'Semarang', 86, NULL, '0', 0),
(54588, 'Isrofi', 'Semarang', 86, NULL, '0', 0),
(54589, 'Endah F', 'Semarang', 86, NULL, '0', 0),
(54590, 'Dita Aliffia', 'Semarang', 86, NULL, '0', 0),
(54591, 'Zulaikha', 'Semarang', 86, NULL, '0', 0),
(54592, 'Efin. T', 'Semarang', 86, NULL, '0', 0),
(54593, 'Efi M.', 'Semarang', 86, NULL, '0', 0),
(54594, 'FitriBudi', 'Semarang', 86, NULL, '0', 0),
(54595, 'Umi Nadhirotun', 'Semarang', 86, NULL, '0', 0),
(54596, 'Umi', 'Semarang', 86, NULL, '0', 0),
(54597, 'Feka', 'Semarang', 86, NULL, '0', 0),
(54598, 'drg. Nana, S.T', 'Semarang', 86, NULL, '0', 0),
(54599, 'Aisyah', 'Semarang', 86, NULL, '0', 0),
(54600, 'Dwinda', 'Semarang', 86, NULL, '0', 0),
(54601, 'Fifie.Atikah', 'Semarang', 86, NULL, '0', 0),
(54602, 'Istiqomah', 'Semarang', 86, NULL, '0', 0),
(54603, 'Ivonenurya', 'Semarang', 86, NULL, '0', 0),
(54604, 'Lusi, S.Farm', 'Semarang', 86, NULL, '0', 0),
(54605, 'Nina Azzahra', 'Semarang', 86, NULL, '0', 0),
(54606, 'Amelia', 'Semarang', 86, NULL, '0', 0),
(54607, 'Ismail', 'Semarang', 86, NULL, '0', 0),
(54608, 'Tri pramono', 'Semarang', 86, NULL, '0', 0),
(54609, 'Ashudi', 'Semarang', 86, NULL, '0', 0),
(54610, 'Ida prihatin', 'Semarang', 86, NULL, '0', 0),
(54611, 'Novelia', 'Semarang', 86, NULL, '0', 0),
(54612, 'Zuma', 'Semarang', 86, NULL, '0', 0),
(54613, 'Dr. Hendricus', 'Semarang', 86, NULL, '0', 0),
(54614, 'Bp. Aries', 'Semarang', 86, NULL, '0', 0),
(54615, 'Revo Juhanda, SKM. M.kes', 'Semarang', 86, NULL, '0', 0),
(54616, 'Azis Rifai', 'Semarang', 86, NULL, '0', 0),
(54617, 'Fitriana Pratiwi, SKM', 'Semarang', 86, NULL, '0', 0),
(54618, 'Rochmad', 'Semarang', 86, NULL, '0', 0),
(54619, 'Gunar Budi. SKM', 'Semarang', 86, NULL, '0', 0),
(54620, 'dr. Rian Gerry', 'Semarang', 86, NULL, '0', 0),
(54621, 'Linda Febrianti', 'Semarang', 86, NULL, '0', 0),
(54622, 'Bp. Prasetyo Budi Widodo & Keluarga', 'Semarang', 86, 'RT 01', '0', 0),
(54623, 'Bp. Yusuf Triyoto & Keluarga', 'Semarang', 86, NULL, '0', 0),
(54624, 'Bp. Sugiarto & Keluarga', 'Semarang', 86, NULL, '0', 0),
(54625, 'Bp. Muhammad Zainuddin & Keluarga', 'Semarang', 86, NULL, '0', 0),
(54626, 'Bu Heni Listianingsi & Keluarga', 'Semarang', 86, NULL, '0', 0),
(54627, 'Bp. Taufan Marhendra & Keluarga', 'Semarang', 86, NULL, '0', 0),
(54628, 'Mr. O & Keluarga', 'Semarang', 86, NULL, '0', 0),
(54629, 'Bp. Roni Widodo & Keluarga', 'Semarang', 86, NULL, '0', 0),
(54630, 'Bp. Hariyono Prasetyo A. & Keluarga', 'Semarang', 86, NULL, '0', 0),
(54631, 'Bp. Saryadi & Keluarga', 'Semarang', 86, NULL, '0', 0),
(54632, 'Bp. Muhammad Zainal A. & Keluarga', 'Semarang', 86, NULL, '0', 0),
(54633, 'Bp. Hapsoro Andang N. & Keluarga', 'Semarang', 86, NULL, '0', 0),
(54634, 'Bp. Ressa Triestinno & Keluarga', 'Semarang', 86, NULL, '0', 0),
(54635, 'Bp. Budi Santoso & Keluarga', 'Semarang', 86, NULL, '0', 0),
(54636, 'Bp. Feri Candra H. & Keluarga', 'Semarang', 86, NULL, '0', 0),
(54637, 'Ibu Sri Ruwiyati', 'Semarang', 86, NULL, '0', 0),
(54638, 'Bp. Nanang Budiyanto & Keluarga', 'Semarang', 86, NULL, '0', 0),
(54639, 'Bp. Sugeng Hartanto & Keluarga', 'Semarang', 86, NULL, '0', 0),
(54640, 'Bp. Eddi Suprihartono & Keluarga', 'Semarang', 86, NULL, '0', 0),
(54641, 'Bp. Kasiran & Keluarga', 'Semarang', 86, NULL, '0', 0),
(54642, 'Bp. Rustam Santiko & Keluarga', 'Semarang', 86, NULL, '0', 0),
(54643, 'Bp. Aditya Pamungkas & Keluarga', 'Semarang', 86, NULL, '0', 0),
(54644, 'Bp. Sutikno & Keluarga', 'Semarang', 86, NULL, '0', 0),
(54645, 'Bp. Antonius Lilik K. & Keluarga', 'Semarang', 86, NULL, '0', 0),
(54646, 'Bp. Bimo Edwin & Keluarga', 'Semarang', 86, NULL, '0', 0),
(54647, 'Bp. Sigit Pramono & Keluarga', 'Semarang', 86, NULL, '0', 0),
(54648, 'Bp. Yuda Widiyanto & Keluarga', 'Semarang', 86, NULL, '0', 0),
(54649, 'Bp. Jono & Keluarga', 'Semarang', 86, NULL, '0', 0),
(54650, 'Bp. Abimanyu & Keluarga', 'Semarang', 86, NULL, '0', 0),
(54651, 'Bp. Agus Kalimantono & Keluarga', 'Semarang', 86, NULL, '0', 0),
(54652, 'Ibu Esti Komariyah', 'Semarang', 86, NULL, '0', 0),
(54653, 'Bp. Winarso & Keluarga', 'Semarang', 86, NULL, '0', 0),
(54654, 'Bp. Bernadus Oky Dwi N. & Keluarga', 'Semarang', 86, NULL, '0', 0),
(54655, 'Bp. Yudha Panji Wijaya & Keluarga', 'Semarang', 86, NULL, '0', 0),
(54656, 'Bp. Deky Irawan & Keluarga', 'Semarang', 86, NULL, '0', 0),
(54657, 'Bp. Muhammmad Abdul Rosyid & Keluarga', 'Semarang', 86, NULL, '0', 0),
(54658, 'Bp. Hedi Pujo Santoso & Keluarga', 'Semarang', 86, NULL, '0', 0),
(54659, 'Bp. Saiman & Keluarga', 'Semarang', 86, NULL, '0', 0),
(54660, 'Bp. Murdhoko Achirawan & Keluarga', 'Semarang', 86, NULL, '0', 0),
(54661, 'Bp. R. Satuhu Wahya U. & Keluarga', 'Semarang', 86, NULL, '0', 0),
(54662, 'Bp. Yusron Ari Wibowo & Keluarga', 'Semarang', 86, NULL, '0', 0),
(54663, 'Bp. Supawi & Keluarga', 'Semarang', 86, NULL, '0', 0),
(54664, 'Bp. Tedy & Keluarga', 'Semarang', 86, NULL, '0', 0),
(54665, 'Bp. Chaesar & Keluarga', 'Semarang', 86, NULL, '0', 0),
(54666, 'Bp. Ahmat Rosidin & Keluarga', 'Semarang', 86, NULL, '0', 0),
(54667, 'Bp. Rohmad P. & Keluarga', 'Semarang', 86, NULL, '0', 0),
(54668, 'Bp. Tarno', 'Semarang', 86, NULL, '0', 0),
(54669, 'Bp. Yanto', 'Semarang', 86, NULL, '0', 0);
INSERT INTO `tamu_import` (`id`, `nama`, `alamat`, `event_id`, `keterangan`, `vip`, `sesi`) VALUES
(54670, 'Pak Tatok & Keluarga', 'Semarang', 86, NULL, '0', 0),
(54671, 'Bp. Pieter & Keluarga', 'Semarang', 86, 'Tetangga lama', '0', 0),
(54672, 'Bp. Hargono & Keluarga', 'Semarang', 86, NULL, '0', 0),
(54673, 'Bp. Farid & Keluarga', 'Semarang', 86, NULL, '0', 0),
(54674, 'Ibu Riris', 'Semarang', 86, NULL, '0', 0),
(54675, 'Ibu Warsino', 'Semarang', 86, NULL, '0', 0),
(54676, 'Bp. Slamet & Keluarga', 'Semarang', 86, NULL, '0', 0),
(54677, 'Ibu Haryadi', 'Semarang', 86, NULL, '0', 0),
(54678, 'Bp. Edi & Keluarga', 'Semarang', 86, NULL, '0', 0),
(54679, 'Bp. Purnomo & Keluarga', 'Semarang', 86, NULL, '0', 0),
(54680, 'Bp. Budi & Keluarga', 'Semarang', 86, NULL, '0', 0),
(54681, 'Bp. Hery & Keluarga', 'Semarang', 86, NULL, '0', 0),
(54682, 'Bp. Agung', 'Semarang', 86, NULL, '0', 0),
(54683, 'Bp. Adi & Keluarga', 'Semarang', 86, NULL, '0', 0),
(54684, 'Bp. Kukuh & Keluarga', 'Semarang', 86, NULL, '0', 0),
(54685, 'Ibu Kris & Keluarga', 'Semarang', 86, NULL, '0', 0),
(54686, 'drg. Sri Pudji', 'Semarang', 86, 'Teman bunda', '0', 0),
(54687, 'Ibu Ida Prihatin', 'Semarang', 86, NULL, '0', 0),
(54688, 'Ibu Retno Wahyu Djati', 'Semarang', 86, NULL, '0', 0),
(54689, 'Ibu Ani Moeljani', 'Semarang', 86, NULL, '0', 0),
(54690, 'Ibu Rahmiati', 'Semarang', 86, NULL, '0', 0),
(54691, 'Ibu Yeni Sarosa', 'Semarang', 86, NULL, '0', 0),
(54692, 'dr. Alfiani', 'Semarang', 86, NULL, '0', 0),
(54693, 'dr. Asri', 'Semarang', 86, NULL, '0', 0),
(54694, 'dr. Gita', 'Semarang', 86, NULL, '0', 0),
(54695, 'dr. Hikmah', 'Semarang', 86, NULL, '0', 0),
(54696, 'dr. Megy Y.L.', 'Semarang', 86, NULL, '0', 0),
(54697, 'dr. Rofikoh', 'Semarang', 86, NULL, '0', 0),
(54698, 'dr. S. Ani', 'Semarang', 86, NULL, '0', 0),
(54699, 'dr. Elisabeth', 'Semarang', 86, NULL, '0', 0),
(54700, 'dr. Laksmi', 'Semarang', 86, NULL, '0', 0),
(54701, 'dr. Anifah', 'Semarang', 86, NULL, '0', 0),
(54702, 'dr. Yuniarti, Sp. THT', 'Semarang', 86, NULL, '0', 0),
(54703, 'dr. Tribudi, Sp. S', 'Semarang', 86, NULL, '0', 0),
(54704, 'dr. Okto Budi Jayusman', 'Semarang', 86, NULL, '0', 0),
(54705, 'dr. Hasvien', 'Semarang', 86, NULL, '0', 0),
(54706, 'dr. Titik Wahyuningsih', 'Semarang', 86, NULL, '0', 0),
(54707, 'dr. Sirtono', 'Semarang', 86, NULL, '0', 0),
(54708, 'dr. M. Saugi Abduh, Sp.PD, KKV, FINASIM', 'Semarang', 86, NULL, '0', 0),
(54709, 'dr. Saikhu', 'Semarang', 86, NULL, '0', 0),
(54710, 'dr. Agung', 'Semarang', 86, NULL, '0', 0),
(54711, 'dr. Ali Balkhi', 'Semarang', 86, NULL, '0', 0),
(54712, 'dr. Siti Wulandari', 'Semarang', 86, NULL, '0', 0),
(54713, 'dr. Desyana Putong, M.H.Kes', 'Semarang', 86, NULL, '0', 0),
(54714, 'Tri Oktaviani', 'Semarang', 86, 'Kantor Ayah', '0', 0),
(54715, 'Apriyati', 'Semarang', 86, NULL, '0', 0),
(54716, 'Fahtia Putri Wijayanti', 'Semarang', 86, NULL, '0', 0),
(54717, 'Tri Wibowo', 'Semarang', 86, NULL, '0', 0),
(54718, 'Mustofa Jaelani', 'Semarang', 86, NULL, '0', 0),
(54719, 'Riki Yuliyanto', 'Semarang', 86, NULL, '0', 0),
(54720, 'Agus Setyawan', 'Semarang', 86, NULL, '0', 0),
(54721, 'Sarifah Yunofia', 'Semarang', 86, NULL, '0', 0),
(54722, 'Nur Fitriani', 'Semarang', 86, NULL, '0', 0),
(54723, 'Irfan Adhi Gunadermawan', 'Semarang', 86, NULL, '0', 0),
(54724, 'Adi Wiono', 'Semarang', 86, NULL, '0', 0),
(54725, 'Dhanang Prasisto', 'Semarang', 86, NULL, '0', 0),
(54726, 'Achmad Burhani', 'Semarang', 86, NULL, '0', 0),
(54727, 'Agus Nurdianto', 'Semarang', 86, NULL, '0', 0),
(54728, 'Budi Cahyo Santoso', 'Semarang', 86, NULL, '0', 0),
(54729, 'Luluk Asmawati', 'Semarang', 86, NULL, '0', 0),
(54730, 'Agung Sugiyanto', 'Semarang', 86, NULL, '0', 0),
(54731, 'Dhevia Futri Alphiyani', 'Semarang', 86, NULL, '0', 0),
(54732, 'Husein Al Ashghor', 'Semarang', 86, NULL, '0', 0),
(54733, 'Audilla Dewi Aisyah', 'Semarang', 86, NULL, '0', 0),
(54734, 'Rahsiwi Bitristan Pamungkas', 'Semarang', 86, NULL, '0', 0),
(54735, 'Subekti Yudha nugraha', 'Semarang', 86, NULL, '0', 0),
(54736, 'Muchamad Suranto', 'Semarang', 86, NULL, '0', 0),
(54737, 'Hasan Munadi', 'Semarang', 86, NULL, '0', 0),
(54738, 'Sri Indah Nofiyanti', 'Semarang', 86, NULL, '0', 0),
(54739, 'Luqman Hakim', 'Semarang', 86, NULL, '0', 0),
(54740, 'Ahmad Zaky', 'Semarang', 86, NULL, '0', 0),
(54741, 'Tri Hadi Saputro', 'Semarang', 86, NULL, '0', 0),
(54742, 'Alfan Dharmawan', 'Semarang', 86, NULL, '0', 0),
(54743, 'Ferry Anditya Prayoga', 'Semarang', 86, NULL, '0', 0),
(54744, 'Nesty Dian Setyawati', 'Semarang', 86, NULL, '0', 0),
(54745, 'Nikodemus Priyaka Adi Wicaksana', 'Semarang', 86, NULL, '0', 0),
(54746, 'Dimas Aditya Saputra', 'Semarang', 86, NULL, '0', 0),
(54747, 'Brian Marcius Ega Wijaya', 'Semarang', 86, NULL, '0', 0),
(54748, 'Muhammad Bariq Al Mukasyah', 'Semarang', 86, NULL, '0', 0),
(54749, 'STC Rheyno Anugrah Perdana', 'Semarang', 86, NULL, '0', 0),
(54750, 'Rizki Wijaya Yoga Pratama', 'Semarang', 86, NULL, '0', 0),
(54751, 'Eka Wahyuningsih', 'Semarang', 86, NULL, '0', 0),
(54752, 'Yana Sariwijayanti ', 'Semarang', 86, NULL, '0', 0),
(54753, 'Shilica Astari Mulyaning Diahari', 'Semarang', 86, NULL, '0', 0),
(54754, 'Sukadi', 'Semarang', 86, NULL, '0', 0),
(54755, 'Dwi Iswanto', 'Semarang', 86, NULL, '0', 0),
(54756, 'Endro Dwi Cahyono', 'Semarang', 86, NULL, '0', 0),
(54757, 'Satmoko Setia Budi', 'Semarang', 86, NULL, '0', 0),
(54758, 'Muhadi', 'Semarang', 86, NULL, '0', 0),
(54759, 'Sugeng Ariwibowo', 'Semarang', 86, NULL, '0', 0),
(54760, 'Septiyan Yudha Maulana', 'Semarang', 86, NULL, '0', 0),
(54761, 'Fadhil Dani Pratama', 'Semarang', 86, NULL, '0', 0),
(54762, 'Muhammad Nurhudha Toha', 'Semarang', 86, NULL, '0', 0),
(54763, 'Wiedya Yunita Nuryani', 'Semarang', 86, NULL, '0', 0),
(54764, 'Brigita Saptaning Tyas Widiastuti', 'Semarang', 86, NULL, '0', 0),
(54765, 'Wahyu Rahmat Rifa\'i', 'Semarang', 86, NULL, '0', 0),
(54766, 'Vony Agustin', 'Semarang', 86, NULL, '0', 0),
(54767, 'Siti Nurmala Santi', 'Semarang', 86, NULL, '0', 0),
(54768, 'Mochamad Nur Faiz Ihsan', 'Semarang', 86, NULL, '0', 0),
(54769, 'Muhammad Irham Indrayudha', 'Semarang', 86, NULL, '0', 0),
(54770, 'M. Rahmantya Trinanda Aswin', 'Semarang', 86, NULL, '0', 0),
(54771, 'Aditya Anugrah Wibowo', 'Semarang', 86, NULL, '0', 0),
(54772, 'Musonip', 'Semarang', 86, NULL, '0', 0),
(54773, 'Angga Permana Putra', 'Semarang', 86, NULL, '0', 0),
(54774, 'Lorenzo Lamas Karisma Mahardika', 'Semarang', 86, NULL, '0', 0),
(54775, 'Deni Ari Sandi', 'Semarang', 86, NULL, '0', 0),
(54776, 'Syaiful Rizal Octavianto', 'Semarang', 86, NULL, '0', 0),
(54777, 'Haris Fadilah', 'Semarang', 86, NULL, '0', 0),
(54778, 'Grady Raphael Sunarjo', 'Semarang', 86, NULL, '0', 0),
(54779, 'Muhammad Mujaddedi Hidayatullah', 'Semarang', 86, NULL, '0', 0),
(54780, 'Syarif Abdul Rochim', 'Semarang', 86, NULL, '0', 0),
(54781, 'Abdul Adhim', 'Semarang', 86, NULL, '0', 0),
(54782, 'Adhitya Wisnumurti', 'Semarang', 86, NULL, '0', 0),
(54783, 'Johan Aryo Nugroho', 'Semarang', 86, NULL, '0', 0),
(54784, 'Ibnu Aditya Rohman', 'Semarang', 86, NULL, '0', 0),
(54785, 'Wahyu Ari Eko', 'Semarang', 86, NULL, '0', 0),
(54786, 'Yuli Priyantoro', 'Semarang', 86, NULL, '0', 0),
(54787, 'Tedi Kurniawan', 'Semarang', 86, NULL, '0', 0),
(54788, 'Ocscar Franchiska', 'Semarang', 86, NULL, '0', 0),
(54789, 'Yusuf Nurangga Pradipta', 'Semarang', 86, NULL, '0', 0),
(54790, 'Dicky Bayu Prasetiyo', 'Semarang', 86, NULL, '0', 0),
(54791, 'Irenius Dendy Primado', 'Semarang', 86, NULL, '0', 0),
(54792, 'Yunita Delima', 'Semarang', 86, NULL, '0', 0),
(54793, '⁠Wawang Hermawan', 'Semarang', 86, NULL, '0', 0),
(54794, 'Agung Susilo', 'Semarang', 86, NULL, '0', 0),
(54795, 'Danielle P', 'Semarang', 86, NULL, '0', 0),
(54796, 'Judith Jeremiah Indie', 'Semarang', 86, NULL, '0', 0),
(54797, 'Bp. Marsono & Keluarga', 'Semarang', 86, NULL, '0', 0),
(54798, 'Dr. drg. Yayun Siti Rochmah, Sp.BM', 'Semarang', 86, 'FKG Unissula', '0', 0),
(54799, 'drg. Musri Amurwaningsih, M.MedEd', 'Semarang', 86, NULL, '0', 0),
(54800, 'Dr. drg. Arlina Nurhapsari, Sp.KG', 'Semarang', 86, NULL, '0', 0),
(54801, 'drg. Andina Rizkia Putri Kusuma, Sp.KG', 'Semarang', 86, NULL, '0', 0),
(54802, 'Dr. drg. Sandy Christiono, Sp.KGA', 'Semarang', 86, NULL, '0', 0),
(54803, 'drg. Prima Agusmawanti, Sp.KGA', 'Semarang', 86, NULL, '0', 0),
(54804, 'drg. Welly Anggraini, Sp.KGA', 'Semarang', 86, NULL, '0', 0),
(54805, 'drg. Helmi Fathurrahman, Sp.Pros', 'Semarang', 86, NULL, '0', 0),
(54806, 'Dr. drg. Grahita Aditya, Sp.Ort', 'Semarang', 86, NULL, '0', 0),
(54807, 'drg. Sofia Tandya Putri', 'Surabaya', 86, 'KGA Unair 2022', '0', 0),
(54808, 'drg. Nadira Jasmin', 'Surabaya', 86, NULL, '0', 0),
(54809, 'drg. Diah Ayu Purnama Sari', 'Surabaya', 86, NULL, '0', 0),
(54810, 'drg. Herninda Dyah Prasetyari', 'Surabaya', 86, NULL, '0', 0),
(54811, 'drg. Renata Damayanti', 'Surabaya', 86, NULL, '0', 0),
(54812, 'drg. Risky Anita Oktaviani', 'Surabaya', 86, NULL, '0', 0),
(54813, 'drg. Delaneira Alvita Durrotul Hikma', 'Surabaya', 86, NULL, '0', 0),
(54814, 'drg. Hani Tri Rahmastuti', 'Surabaya', 86, NULL, '0', 0),
(54815, 'drg. Meidiana Adiningsih', 'Surabaya', 86, NULL, '0', 0),
(54816, 'drg. Fami Widya Pangestika', 'Surabaya', 86, NULL, '0', 0),
(54817, 'drg. Erika Setyowati', 'Surabaya', 86, NULL, '0', 0),
(54818, 'drg. Alocitta Anindyanari', 'Surabaya', 86, NULL, '0', 0),
(54819, 'drg. Tiara Nurramadhanty', 'Surabaya', 86, NULL, '0', 0),
(54820, 'drg. Kirana Maha Dewi', 'Surabaya', 86, NULL, '0', 0),
(54821, 'drg. Hartman Tanzil', 'Surabaya', 86, NULL, '0', 0),
(54822, 'Cik Yanti', 'Semarang', 86, NULL, '0', 0),
(54823, 'drg. Firli Cahaya Khairani, Sp.KGA', 'Surabaya', 86, NULL, '0', 0),
(54824, 'drg. Nadhira Cindy S. & Keluarga', 'Bandung', 86, NULL, '0', 0),
(54825, 'drg. Cindy Azalea H.P & Keluarga', 'Semarang', 86, NULL, '0', 0),
(54826, 'drg. Syafrudin Aulia Azhar, MM, Sp.Perio', 'Semarang', 86, NULL, '0', 0),
(54827, 'drg. Adipa Eza Putra', 'Semarang', 86, NULL, '0', 0),
(54828, 'drg. Nira Ardlina, MDSc. & Keluarga', 'Semarang', 86, NULL, '0', 0),
(54829, 'drg. Ananda Nan Fitrah & Keluarga', 'Solo', 86, NULL, '0', 0),
(54830, 'drg. Larissa Sambudi & Keluarga', 'Samarinda', 86, NULL, '0', 0),
(54831, 'drg. Ambalinimas Mugareni', 'Kebumen', 86, NULL, '0', 0),
(54832, 'Vika Mega Hardani', 'Malang', 86, NULL, '0', 0),
(54833, 'Shabira Maharani & Keluarga', 'Semarang', 86, NULL, '0', 0),
(54834, 'drg. Lely Indriasari, Sp.KGA', 'Malang', 86, NULL, '0', 0),
(54835, 'drg. Sukeksi Dyah Intanningrum, Sp.KGA', 'Malang', 86, NULL, '0', 0),
(54836, 'drg. Tahta Danifatis Sunnah, M.H', 'Semarang', 86, NULL, '0', 0),
(54837, 'drg. Shabrina Muchlisya', 'Semarang', 86, 'Audy Dental Semarang', '0', 0),
(54838, 'drg. Mirantini Aprilisna, Sp.KGA', 'Semarang', 86, NULL, '0', 0),
(54839, 'drg. Siti Nur Lestari, Sp.KGA ', 'Surabaya', 86, 'Haji', '0', 0),
(54840, 'Ibu Sri dan Keluarga ', 'Semarang', 86, NULL, '0', 0),
(54841, 'dr. Zaenuri ', 'Semarang', 86, NULL, '0', 0),
(54842, 'dr. Hj. Ekayanti L', 'Semarang', 86, NULL, '0', 0),
(54843, 'dr. Mustopa', 'Semarang', 86, NULL, '0', 0),
(54844, 'dr. Imam Kusumodiyomo, Sp.B ', 'Semarang', 86, NULL, '0', 0),
(54845, 'Hj E Widyani Syahradin MQIH', 'Samarinda', 86, NULL, '0', 0);

-- --------------------------------------------------------

--
-- Table structure for table `undangan`
--

CREATE TABLE `undangan` (
  `id` int(30) UNSIGNED NOT NULL,
  `link` varchar(400) NOT NULL,
  `status` int(1) NOT NULL,
  `apk` varchar(200) DEFAULT NULL
) ENGINE=InnoDB DEFAULT CHARSET=utf8mb3 COLLATE=utf8mb3_general_ci;

--
-- Dumping data for table `undangan`
--

INSERT INTO `undangan` (`id`, `link`, `status`, `apk`) VALUES
(1, 'https://admin.daftartamu.id/', 2, 'c1ccb8e6285da0f4a33c1e1e69d87992.zip');

-- --------------------------------------------------------

--
-- Table structure for table `user`
--

CREATE TABLE `user` (
  `id` int(30) UNSIGNED NOT NULL,
  `nama` varchar(400) NOT NULL,
  `username` varchar(200) NOT NULL,
  `email` varchar(200) NOT NULL,
  `password` varchar(200) NOT NULL,
  `poto` varchar(200) NOT NULL,
  `active` int(10) NOT NULL,
  `role` int(10) NOT NULL,
  `member` varchar(100) NOT NULL,
  `register` date NOT NULL,
  `expired` date NOT NULL,
  `kunci` int(10) NOT NULL,
  `event_id` int(30) NOT NULL
) ENGINE=InnoDB DEFAULT CHARSET=utf8mb3 COLLATE=utf8mb3_general_ci;

--
-- Dumping data for table `user`
--

INSERT INTO `user` (`id`, `nama`, `username`, `email`, `password`, `poto`, `active`, `role`, `member`, `register`, `expired`, `kunci`, `event_id`) VALUES
(1, 'Daftar Tamu', 'admin', 'admin@daftartamu.id', '$2y$10$B06AbCF0gRGyeBvendiZfOR19NN1bIBIbpyE8zYQqAM.RL5EtKqIC', 'user.jpg', 1, 1, 'Gold', '2022-03-16', '2100-12-30', 0, 1),
(4, 'Akun Demo', 'demo', 'demo@daftartamu.id', '$2y$10$ktZzHQo5CqI43hyJuo3lUueqP.xVOLni4FLkv/X5yzVkQQdMdbiyi', 'user.jpg', 1, 3, 'Gold', '2022-08-12', '2100-12-30', 0, 6);

--
-- Indexes for dumped tables
--

--
-- Indexes for table `event`
--
ALTER TABLE `event`
  ADD PRIMARY KEY (`id`);

--
-- Indexes for table `event_sesi`
--
ALTER TABLE `event_sesi`
  ADD PRIMARY KEY (`id`);

--
-- Indexes for table `konek`
--
ALTER TABLE `konek`
  ADD PRIMARY KEY (`id`);

--
-- Indexes for table `serial`
--
ALTER TABLE `serial`
  ADD PRIMARY KEY (`id`);

--
-- Indexes for table `seting`
--
ALTER TABLE `seting`
  ADD PRIMARY KEY (`id`);

--
-- Indexes for table `tamu`
--
ALTER TABLE `tamu`
  ADD PRIMARY KEY (`id`);

--
-- Indexes for table `tamu_import`
--
ALTER TABLE `tamu_import`
  ADD PRIMARY KEY (`id`);

--
-- Indexes for table `undangan`
--
ALTER TABLE `undangan`
  ADD PRIMARY KEY (`id`);

--
-- Indexes for table `user`
--
ALTER TABLE `user`
  ADD PRIMARY KEY (`id`);

--
-- AUTO_INCREMENT for dumped tables
--

--
-- AUTO_INCREMENT for table `event`
--
ALTER TABLE `event`
  MODIFY `id` int(30) UNSIGNED NOT NULL AUTO_INCREMENT, AUTO_INCREMENT=127;

--
-- AUTO_INCREMENT for table `event_sesi`
--
ALTER TABLE `event_sesi`
  MODIFY `id` int(30) UNSIGNED NOT NULL AUTO_INCREMENT, AUTO_INCREMENT=120;

--
-- AUTO_INCREMENT for table `konek`
--
ALTER TABLE `konek`
  MODIFY `id` int(30) UNSIGNED NOT NULL AUTO_INCREMENT, AUTO_INCREMENT=115;

--
-- AUTO_INCREMENT for table `serial`
--
ALTER TABLE `serial`
  MODIFY `id` int(30) UNSIGNED NOT NULL AUTO_INCREMENT, AUTO_INCREMENT=3;

--
-- AUTO_INCREMENT for table `seting`
--
ALTER TABLE `seting`
  MODIFY `id` int(30) UNSIGNED NOT NULL AUTO_INCREMENT, AUTO_INCREMENT=2;

--
-- AUTO_INCREMENT for table `tamu`
--
ALTER TABLE `tamu`
  MODIFY `id` int(30) UNSIGNED NOT NULL AUTO_INCREMENT, AUTO_INCREMENT=36816;

--
-- AUTO_INCREMENT for table `tamu_import`
--
ALTER TABLE `tamu_import`
  MODIFY `id` int(30) UNSIGNED NOT NULL AUTO_INCREMENT, AUTO_INCREMENT=57476;

--
-- AUTO_INCREMENT for table `undangan`
--
ALTER TABLE `undangan`
  MODIFY `id` int(30) UNSIGNED NOT NULL AUTO_INCREMENT, AUTO_INCREMENT=2;

--
-- AUTO_INCREMENT for table `user`
--
ALTER TABLE `user`
  MODIFY `id` int(30) UNSIGNED NOT NULL AUTO_INCREMENT, AUTO_INCREMENT=125;
COMMIT;

/*!40101 SET CHARACTER_SET_CLIENT=@OLD_CHARACTER_SET_CLIENT */;
/*!40101 SET CHARACTER_SET_RESULTS=@OLD_CHARACTER_SET_RESULTS */;
/*!40101 SET COLLATION_CONNECTION=@OLD_COLLATION_CONNECTION */;
